1000000.0,300000000.0,1,1000,0,0.362276382708,0,0,0,0,0.279098848667,0,0,0,0,0,0,0,0,
1000000.0,300000000.0,1,1001,0,0.619014335916,0,0,0,0,0.273550474871,0,0,0,0,0,0,0,0,
1000000.0,300000000.0,1,1002,0,0.476563183499,0,0,0,0,0.247539606297,0,0,0,0,0,0,0,0,
1000000.0,300000000.0,1,1003,0,0.688421601501,0,0,0,0,0.750316893243,0,0,0,0,0,0,0,0,
1000000.0,300000000.0,1,1004,0,0.436224843114,0,0,0,0,0.803451823708,0,0,0,0,0,0,0,0,
1000000.0,300000000.0,1,1005,0,0.387358344921,0,0,0,0,0.860652157436,0,0,0,0,0,0,0,0,
1000000.0,300000000.0,1,1006,0,0.40041594048,0,0,0,0,0.0167528320047,0,0,0,0,0,0,0,0,
1000000.0,300000000.0,1,1007,0,0.625308542517,0,0,0,0,0.346282522194,0,0,0,0,0,0,0,0,
1000000.0,300000000.0,1,1008,0,0.41963446206,0,0,0,0,0.165007963491,0,0,0,0,0,0,0,0,
1000000.0,300000000.0,1,1009,0,0.311319049027,0,0,0,0,0.244541917052,0,0,0,0,0,0,0,0,
1000000.0,300000000.0,1,1010,0,0.404165148766,0,0,0,0,0.987888465229,0,0,0,0,0,0,0,0,
1000000.0,300000000.0,1,1011,0,0.417907806035,0,0,0,0,0.334176237053,0,0,0,0,0,0,0,0,
1000000.0,300000000.0,1,1012,0,0.976421469437,0,0,0,0,0.989945016714,0,0,0,0,0,0,0,0,
1000000.0,300000000.0,1,1013,0,0.648383829402,0,0,0,0,0.576365407309,0,0,0,0,0,0,0,0,
1000000.0,300000000.0,1,1014,0,0.363907194575,0,0,0,0,0.722765275569,0,0,0,0,0,0,0,0,
1000000.0,300000000.0,1,1015,0,0.833285499126,0,0,0,0,0.25210581932,0,0,0,0,0,0,0,0,
1000000.0,300000000.0,1,1016,0,0.590849545185,0,0,0,0,0.0377094180146,0,0,0,0,0,0,0,0,
1000000.0,300000000.0,1,1017,0,0.280614305537,0,0,0,0,0.833000173889,0,0,0,0,0,0,0,0,
1000000.0,300000000.0,1,1018,0,0.459962913236,0,0,0,0,0.0039184997162,0,0,0,0,0,0,0,0,
1000000.0,300000000.0,1,1019,0,0.767583148745,0,0,0,0,0.25031823702,0,0,0,0,0,0,0,0,
1000000.0,300000000.0,1,1020,0,0.153646238844,0,0,0,0,0.372600426419,0,0,0,0,0,0,0,0,
1000000.0,300000000.0,1,1021,0,0.295336669858,0,0,0,0,0.980174685856,0,0,0,0,0,0,0,0,
1000000.0,300000000.0,1,1022,0,0.819075149565,0,0,0,0,0.279066239926,0,0,0,0,0,0,0,0,
1000000.0,300000000.0,1,1023,0,0.518190870279,0,0,0,0,0.0962422794757,0,0,0,0,0,0,0,0,
1000000.0,300000000.0,1,1024,0,0.346379290686,0,0,0,0,0.770176211472,0,0,0,0,0,0,0,0,
1000000.0,300000000.0,1,1025,0,0.343566968501,0,0,0,0,0.878185831959,0,0,0,0,0,0,0,0,
1000000.0,300000000.0,1,1026,0,0.195404321736,0,0,0,0,0.8193077211,0,0,0,0,0,0,0,0,
1000000.0,300000000.0,1,1027,0,0.169165317466,0,0,0,0,0.498321587793,0,0,0,0,0,0,0,0,
1000000.0,300000000.0,1,1028,0,0.158353268577,0,0,0,0,0.983353771738,0,0,0,0,0,0,0,0,
1000000.0,300000000.0,1,1029,0,0.880264591219,0,0,0,0,0.495168091023,0,0,0,0,0,0,0,0,
1000000.0,300000000.0,1,1030,0,0.507584835949,0,0,0,0,0.0245143948498,0,0,0,0,0,0,0,0,
1000000.0,300000000.0,1,1031,0,0.75557364478,0,0,0,0,0.0181302397389,0,0,0,0,0,0,0,0,
1000000.0,300000000.0,1,1032,0,0.542442820945,0,0,0,0,0.488175625183,0,0,0,0,0,0,0,0,
1000000.0,300000000.0,1,1033,0,0.715068321175,0,0,0,0,0.256417619064,0,0,0,0,0,0,0,0,
1000000.0,300000000.0,1,1034,0,0.173651408409,0,0,0,0,0.910308647489,0,0,0,0,0,0,0,0,
1000000.0,300000000.0,1,1035,0,0.0392787347109,0,0,0,0,0.809361255204,0,0,0,0,0,0,0,0,
1000000.0,300000000.0,1,1036,0,0.775829996322,0,0,0,0,0.31283166896,0,0,0,0,0,0,0,0,
1000000.0,300000000.0,1,1037,0,0.278801034848,0,0,0,0,0.554889134693,0,0,0,0,0,0,0,0,
1000000.0,300000000.0,1,1038,0,0.142096062231,0,0,0,0,0.193050518974,0,0,0,0,0,0,0,0,
1000000.0,300000000.0,1,1039,0,0.618680370354,0,0,0,0,0.761924074208,0,0,0,0,0,0,0,0,
1000000.0,300000000.0,1,1040,0,0.995169856074,0,0,0,0,0.621831265113,0,0,0,0,0,0,0,0,
1000000.0,300000000.0,1,1041,0,0.918343359052,0,0,0,0,0.732036202288,0,0,0,0,0,0,0,0,
1000000.0,300000000.0,1,1042,0,0.73278382758,0,0,0,0,0.891548314212,0,0,0,0,0,0,0,0,
1000000.0,300000000.0,1,1043,0,0.408082342291,0,0,0,0,0.703658976478,0,0,0,0,0,0,0,0,
1000000.0,300000000.0,1,1044,0,0.200356468033,0,0,0,0,0.500265939405,0,0,0,0,0,0,0,0,
1000000.0,300000000.0,1,1045,0,0.907612044043,0,0,0,0,0.755671349617,0,0,0,0,0,0,0,0,
1000000.0,300000000.0,1,1046,0,0.067300078181,0,0,0,0,0.791683107347,0,0,0,0,0,0,0,0,
1000000.0,300000000.0,1,1047,0,0.796132283704,0,0,0,0,0.352497539099,0,0,0,0,0,0,0,0,
1000000.0,300000000.0,1,1048,0,0.760117389399,0,0,0,0,0.00815675357117,0,0,0,0,0,0,0,0,
1000000.0,300000000.0,1,1049,0,0.834770075484,0,0,0,0,0.615540276821,0,0,0,0,0,0,0,0,
1000000.0,300000000.0,1,1050,0,0.768948651881,0,0,0,0,0.979781977052,0,0,0,0,0,0,0,0,
1000000.0,300000000.0,1,1051,0,0.217373694801,0,0,0,0,0.275489065477,0,0,0,0,0,0,0,0,
1000000.0,300000000.0,1,1052,0,0.98363007812,0,0,0,0,0.202586231287,0,0,0,0,0,0,0,0,
1000000.0,300000000.0,1,1053,0,0.874004994475,0,0,0,0,0.152734084236,0,0,0,0,0,0,0,0,
1000000.0,300000000.0,1,1054,0,0.149499382796,0,0,0,0,0.8772256606,0,0,0,0,0,0,0,0,
1000000.0,300000000.0,1,1055,0,0.291432764643,0,0,0,0,0.300590948348,0,0,0,0,0,0,0,0,
1000000.0,300000000.0,1,1056,0,0.811788948654,0,0,0,0,0.200965959966,0,0,0,0,0,0,0,0,
1000000.0,300000000.0,1,1057,0,0.722276438989,0,0,0,0,0.459936313623,0,0,0,0,0,0,0,0,
1000000.0,300000000.0,1,1058,0,0.812747859913,0,0,0,0,0.254806196731,0,0,0,0,0,0,0,0,
1000000.0,300000000.0,1,1059,0,0.385951830332,0,0,0,0,0.827110024204,0,0,0,0,0,0,0,0,
1000000.0,300000000.0,1,1060,0,0.921703028142,0,0,0,0,0.9098788088,0,0,0,0,0,0,0,0,
1000000.0,300000000.0,1,1061,0,0.921282761233,0,0,0,0,0.805778473481,0,0,0,0,0,0,0,0,
1000000.0,300000000.0,1,1062,0,0.906283450645,0,0,0,0,0.724114230571,0,0,0,0,0,0,0,0,
1000000.0,300000000.0,1,1063,0,0.405557232838,0,0,0,0,0.00571141585235,0,0,0,0,0,0,0,0,
1000000.0,300000000.0,1,1064,0,0.666259215265,0,0,0,0,0.806154225854,0,0,0,0,0,0,0,0,
1000000.0,300000000.0,1,1065,0,0.0879365033979,0,0,0,0,0.383072524005,0,0,0,0,0,0,0,0,
1000000.0,300000000.0,1,1066,0,0.374061094404,0,0,0,0,0.273000566176,0,0,0,0,0,0,0,0,
1000000.0,300000000.0,1,1067,0,0.563395192127,0,0,0,0,0.437411332714,0,0,0,0,0,0,0,0,
1000000.0,300000000.0,1,1068,0,0.647427193119,0,0,0,0,0.720997933411,0,0,0,0,0,0,0,0,
1000000.0,300000000.0,1,1069,0,0.124972385572,0,0,0,0,0.661174634356,0,0,0,0,0,0,0,0,
1000000.0,300000000.0,1,1070,0,0.0887864348179,0,0,0,0,0.86206824358,0,0,0,0,0,0,0,0,
1000000.0,300000000.0,1,1071,0,0.536887460706,0,0,0,0,0.678575803766,0,0,0,0,0,0,0,0,
1000000.0,300000000.0,1,1072,0,0.29037615217,0,0,0,0,0.291953103792,0,0,0,0,0,0,0,0,
1000000.0,300000000.0,1,1073,0,0.379970110912,0,0,0,0,0.722904348472,0,0,0,0,0,0,0,0,
1000000.0,300000000.0,1,1074,0,0.67999577462,0,0,0,0,0.343098749897,0,0,0,0,0,0,0,0,
1000000.0,300000000.0,1,1075,0,0.374237846588,0,0,0,0,0.299575386192,0,0,0,0,0,0,0,0,
1000000.0,300000000.0,1,1076,0,0.440190141936,0,0,0,0,0.487506073436,0,0,0,0,0,0,0,0,
1000000.0,300000000.0,1,1077,0,0.526558463649,0,0,0,0,0.20475317426,0,0,0,0,0,0,0,0,
1000000.0,300000000.0,1,1078,0,0.583971618993,0,0,0,0,0.0860672770875,0,0,0,0,0,0,0,0,
1000000.0,300000000.0,1,1079,0,0.157571756394,0,0,0,0,0.64457366505,0,0,0,0,0,0,0,0,
1000000.0,300000000.0,1,1080,0,0.308063630486,0,0,0,0,0.955241808093,0,0,0,0,0,0,0,0,
1000000.0,300000000.0,1,1081,0,0.39165911325,0,0,0,0,0.520714191412,0,0,0,0,0,0,0,0,
1000000.0,300000000.0,1,1082,0,0.351967772412,0,0,0,0,0.108103150529,0,0,0,0,0,0,0,0,
1000000.0,300000000.0,1,1083,0,0.300391057665,0,0,0,0,0.0526826893331,0,0,0,0,0,0,0,0,
1000000.0,300000000.0,1,1084,0,0.230338657151,0,0,0,0,0.631591925457,0,0,0,0,0,0,0,0,
1000000.0,300000000.0,1,1085,0,0.521553535702,0,0,0,0,0.172980419904,0,0,0,0,0,0,0,0,
1000000.0,300000000.0,1,1086,0,0.164920968846,0,0,0,0,0.47279451796,0,0,0,0,0,0,0,0,
1000000.0,300000000.0,1,1087,0,0.846898761319,0,0,0,0,0.679257623204,0,0,0,0,0,0,0,0,
1000000.0,300000000.0,1,1088,0,0.765239740554,0,0,0,0,0.808777275858,0,0,0,0,0,0,0,0,
1000000.0,300000000.0,1,1089,0,0.663630082821,0,0,0,0,0.184870690349,0,0,0,0,0,0,0,0,
1000000.0,300000000.0,1,1090,0,0.427420153592,0,0,0,0,0.596165371375,0,0,0,0,0,0,0,0,
1000000.0,300000000.0,1,1091,0,0.0933688753142,0,0,0,0,0.166211056314,0,0,0,0,0,0,0,0,
1000000.0,300000000.0,1,1092,0,0.332391082369,0,0,0,0,0.348747225112,0,0,0,0,0,0,0,0,
1000000.0,300000000.0,1,1093,0,0.503059238039,0,0,0,0,0.653866464094,0,0,0,0,0,0,0,0,
1000000.0,300000000.0,1,1094,0,0.430475402439,0,0,0,0,0.809719281487,0,0,0,0,0,0,0,0,
1000000.0,300000000.0,1,1095,0,0.263571202093,0,0,0,0,0.453906889401,0,0,0,0,0,0,0,0,
1000000.0,300000000.0,1,1096,0,0.935064420354,0,0,0,0,0.519457693206,0,0,0,0,0,0,0,0,
1000000.0,300000000.0,1,1097,0,0.605374211386,0,0,0,0,0.785236509532,0,0,0,0,0,0,0,0,
1000000.0,300000000.0,1,1098,0,0.912599971313,0,0,0,0,0.315338469157,0,0,0,0,0,0,0,0,
1000000.0,300000000.0,1,1099,0,0.35878878846,0,0,0,0,0.170722652002,0,0,0,0,0,0,0,0,
301000000.0,600000000.0,1,1000,0,0.687832397328,0,0,0,0,0.138303013633,0,0,0,0,0,0,0,0,
301000000.0,600000000.0,1,1001,0,0.776024323896,0,0,0,0,0.261700236597,0,0,0,0,0,0,0,0,
301000000.0,600000000.0,1,1002,0,0.77993271458,0,0,0,0,0.108558177939,0,0,0,0,0,0,0,0,
301000000.0,600000000.0,1,1003,0,0.0674105379111,0,0,0,0,0.38393631452,0,0,0,0,0,0,0,0,
301000000.0,600000000.0,1,1004,0,0.118717285481,0,0,0,0,0.20019158032,0,0,0,0,0,0,0,0,
301000000.0,600000000.0,1,1005,0,0.16889351466,0,0,0,0,0.18450794262,0,0,0,0,0,0,0,0,
301000000.0,600000000.0,1,1006,0,0.000746844131971,0,0,0,0,0.384035288838,0,0,0,0,0,0,0,0,
301000000.0,600000000.0,1,1007,0,0.801828244965,0,0,0,0,0.975034843481,0,0,0,0,0,0,0,0,
301000000.0,600000000.0,1,1008,0,0.673104907908,0,0,0,0,0.741208251609,0,0,0,0,0,0,0,0,
301000000.0,600000000.0,1,1009,0,0.36638324751,0,0,0,0,0.482879887651,0,0,0,0,0,0,0,0,
301000000.0,600000000.0,1,1010,0,0.246600906256,0,0,0,0,0.171876535525,0,0,0,0,0,0,0,0,
301000000.0,600000000.0,1,1011,0,0.0432967278057,0,0,0,0,0.236804845933,0,0,0,0,0,0,0,0,
301000000.0,600000000.0,1,1012,0,0.107962680798,0,0,0,0,0.386708194171,0,0,0,0,0,0,0,0,
301000000.0,600000000.0,1,1013,0,0.988247712264,0,0,0,0,0.311407143094,0,0,0,0,0,0,0,0,
301000000.0,600000000.0,1,1014,0,0.38344908024,0,0,0,0,0.118653505637,0,0,0,0,0,0,0,0,
301000000.0,600000000.0,1,1015,0,0.555874814657,0,0,0,0,0.493420053164,0,0,0,0,0,0,0,0,
301000000.0,600000000.0,1,1016,0,0.756781325799,0,0,0,0,0.716256336871,0,0,0,0,0,0,0,0,
301000000.0,600000000.0,1,1017,0,0.346485471133,0,0,0,0,0.784831060701,0,0,0,0,0,0,0,0,
301000000.0,600000000.0,1,1018,0,0.8385210074,0,0,0,0,0.611284719667,0,0,0,0,0,0,0,0,
301000000.0,600000000.0,1,1019,0,0.293020011489,0,0,0,0,0.451212411863,0,0,0,0,0,0,0,0,
301000000.0,600000000.0,1,1020,0,0.0111546482416,0,0,0,0,0.129328298336,0,0,0,0,0,0,0,0,
301000000.0,600000000.0,1,1021,0,0.570751326314,0,0,0,0,0.842735968883,0,0,0,0,0,0,0,0,
301000000.0,600000000.0,1,1022,0,0.306791754115,0,0,0,0,0.537647498822,0,0,0,0,0,0,0,0,
301000000.0,600000000.0,1,1023,0,0.871942256119,0,0,0,0,0.940017510727,0,0,0,0,0,0,0,0,
301000000.0,600000000.0,1,1024,0,0.0965203821926,0,0,0,0,0.237655068519,0,0,0,0,0,0,0,0,
301000000.0,600000000.0,1,1025,0,0.593752683611,0,0,0,0,0.921162916637,0,0,0,0,0,0,0,0,
301000000.0,600000000.0,1,1026,0,0.129461474786,0,0,0,0,0.0795002344919,0,0,0,0,0,0,0,0,
301000000.0,600000000.0,1,1027,0,0.737205627882,0,0,0,0,0.0761231526312,0,0,0,0,0,0,0,0,
301000000.0,600000000.0,1,1028,0,0.353123066538,0,0,0,0,0.136478395741,0,0,0,0,0,0,0,0,
301000000.0,600000000.0,1,1029,0,0.740483131121,0,0,0,0,0.940776859154,0,0,0,0,0,0,0,0,
301000000.0,600000000.0,1,1030,0,0.254385031885,0,0,0,0,0.872976780198,0,0,0,0,0,0,0,0,
301000000.0,600000000.0,1,1031,0,0.979561432012,0,0,0,0,0.128093316475,0,0,0,0,0,0,0,0,
301000000.0,600000000.0,1,1032,0,0.628548859299,0,0,0,0,0.0382471485719,0,0,0,0,0,0,0,0,
301000000.0,600000000.0,1,1033,0,0.183352422734,0,0,0,0,0.449670179268,0,0,0,0,0,0,0,0,
301000000.0,600000000.0,1,1034,0,0.441811054203,0,0,0,0,0.352736205602,0,0,0,0,0,0,0,0,
301000000.0,600000000.0,1,1035,0,0.763969218132,0,0,0,0,0.392483284043,0,0,0,0,0,0,0,0,
301000000.0,600000000.0,1,1036,0,0.294800947424,0,0,0,0,0.539931644445,0,0,0,0,0,0,0,0,
301000000.0,600000000.0,1,1037,0,0.643858249336,0,0,0,0,0.093876951237,0,0,0,0,0,0,0,0,
301000000.0,600000000.0,1,1038,0,0.671191712061,0,0,0,0,0.981452173342,0,0,0,0,0,0,0,0,
301000000.0,600000000.0,1,1039,0,0.0132810723575,0,0,0,0,0.306207264641,0,0,0,0,0,0,0,0,
301000000.0,600000000.0,1,1040,0,0.957598479487,0,0,0,0,0.816370199303,0,0,0,0,0,0,0,0,
301000000.0,600000000.0,1,1041,0,0.103672297792,0,0,0,0,0.298328559711,0,0,0,0,0,0,0,0,
301000000.0,600000000.0,1,1042,0,0.882633027089,0,0,0,0,0.193380786693,0,0,0,0,0,0,0,0,
301000000.0,600000000.0,1,1043,0,0.973346567716,0,0,0,0,0.0710974405388,0,0,0,0,0,0,0,0,
301000000.0,600000000.0,1,1044,0,0.654191432819,0,0,0,0,0.0445342192424,0,0,0,0,0,0,0,0,
301000000.0,600000000.0,1,1045,0,0.486696181364,0,0,0,0,0.0730172912135,0,0,0,0,0,0,0,0,
301000000.0,600000000.0,1,1046,0,0.417136488952,0,0,0,0,0.825336982738,0,0,0,0,0,0,0,0,
301000000.0,600000000.0,1,1047,0,0.0474098028949,0,0,0,0,0.213139781747,0,0,0,0,0,0,0,0,
301000000.0,600000000.0,1,1048,0,0.200160643852,0,0,0,0,0.409553001717,0,0,0,0,0,0,0,0,
301000000.0,600000000.0,1,1049,0,0.286126780975,0,0,0,0,0.649651785181,0,0,0,0,0,0,0,0,
301000000.0,600000000.0,1,1050,0,0.765285540193,0,0,0,0,0.663025595359,0,0,0,0,0,0,0,0,
301000000.0,600000000.0,1,1051,0,0.258919807031,0,0,0,0,0.48498656503,0,0,0,0,0,0,0,0,
301000000.0,600000000.0,1,1052,0,0.909167791051,0,0,0,0,0.925696282472,0,0,0,0,0,0,0,0,
301000000.0,600000000.0,1,1053,0,0.11035015829,0,0,0,0,0.0840799020312,0,0,0,0,0,0,0,0,
301000000.0,600000000.0,1,1054,0,0.995230567964,0,0,0,0,0.923285990042,0,0,0,0,0,0,0,0,
301000000.0,600000000.0,1,1055,0,0.483879418091,0,0,0,0,0.363186525196,0,0,0,0,0,0,0,0,
301000000.0,600000000.0,1,1056,0,0.743501365754,0,0,0,0,0.941154485413,0,0,0,0,0,0,0,0,
301000000.0,600000000.0,1,1057,0,0.473417399555,0,0,0,0,0.07020084365,0,0,0,0,0,0,0,0,
301000000.0,600000000.0,1,1058,0,0.181013350994,0,0,0,0,0.851739415626,0,0,0,0,0,0,0,0,
301000000.0,600000000.0,1,1059,0,0.313365653605,0,0,0,0,0.0350019487346,0,0,0,0,0,0,0,0,
301000000.0,600000000.0,1,1060,0,0.471079362388,0,0,0,0,0.43428037331,0,0,0,0,0,0,0,0,
301000000.0,600000000.0,1,1061,0,0.0664272771506,0,0,0,0,0.0192661243874,0,0,0,0,0,0,0,0,
301000000.0,600000000.0,1,1062,0,0.796062513961,0,0,0,0,0.318512500407,0,0,0,0,0,0,0,0,
301000000.0,600000000.0,1,1063,0,0.858310630336,0,0,0,0,0.437916559997,0,0,0,0,0,0,0,0,
301000000.0,600000000.0,1,1064,0,0.791396809008,0,0,0,0,0.861151342528,0,0,0,0,0,0,0,0,
301000000.0,600000000.0,1,1065,0,0.692198798568,0,0,0,0,0.751266789319,0,0,0,0,0,0,0,0,
301000000.0,600000000.0,1,1066,0,0.390259411679,0,0,0,0,0.771908651865,0,0,0,0,0,0,0,0,
301000000.0,600000000.0,1,1067,0,0.0800635222779,0,0,0,0,0.115571029847,0,0,0,0,0,0,0,0,
301000000.0,600000000.0,1,1068,0,0.314603705912,0,0,0,0,0.79202696734,0,0,0,0,0,0,0,0,
301000000.0,600000000.0,1,1069,0,0.604409928697,0,0,0,0,0.803039599625,0,0,0,0,0,0,0,0,
301000000.0,600000000.0,1,1070,0,0.233449352691,0,0,0,0,0.0343679885834,0,0,0,0,0,0,0,0,
301000000.0,600000000.0,1,1071,0,0.177415145359,0,0,0,0,0.66642981419,0,0,0,0,0,0,0,0,
301000000.0,600000000.0,1,1072,0,0.306290851748,0,0,0,0,0.294068064616,0,0,0,0,0,0,0,0,
301000000.0,600000000.0,1,1073,0,0.578700558302,0,0,0,0,0.0990185883513,0,0,0,0,0,0,0,0,
301000000.0,600000000.0,1,1074,0,0.412541349597,0,0,0,0,0.254494339342,0,0,0,0,0,0,0,0,
301000000.0,600000000.0,1,1075,0,0.178262311546,0,0,0,0,0.198981924689,0,0,0,0,0,0,0,0,
301000000.0,600000000.0,1,1076,0,0.264166589931,0,0,0,0,0.072515323129,0,0,0,0,0,0,0,0,
301000000.0,600000000.0,1,1077,0,0.618389672198,0,0,0,0,0.0277358587206,0,0,0,0,0,0,0,0,
301000000.0,600000000.0,1,1078,0,0.576539807579,0,0,0,0,0.623901463479,0,0,0,0,0,0,0,0,
301000000.0,600000000.0,1,1079,0,0.192519486941,0,0,0,0,0.570398968469,0,0,0,0,0,0,0,0,
301000000.0,600000000.0,1,1080,0,0.308721091927,0,0,0,0,0.545338341914,0,0,0,0,0,0,0,0,
301000000.0,600000000.0,1,1081,0,0.525015278439,0,0,0,0,0.460146073059,0,0,0,0,0,0,0,0,
301000000.0,600000000.0,1,1082,0,0.419311196424,0,0,0,0,0.601407019353,0,0,0,0,0,0,0,0,
301000000.0,600000000.0,1,1083,0,0.205911790531,0,0,0,0,0.7400313366,0,0,0,0,0,0,0,0,
301000000.0,600000000.0,1,1084,0,0.296211751832,0,0,0,0,0.497701066365,0,0,0,0,0,0,0,0,
301000000.0,600000000.0,1,1085,0,0.768268720602,0,0,0,0,0.173204549413,0,0,0,0,0,0,0,0,
301000000.0,600000000.0,1,1086,0,0.158253803628,0,0,0,0,0.300067444133,0,0,0,0,0,0,0,0,
301000000.0,600000000.0,1,1087,0,0.202728444218,0,0,0,0,0.369760353333,0,0,0,0,0,0,0,0,
301000000.0,600000000.0,1,1088,0,0.12816646389,0,0,0,0,0.143164102224,0,0,0,0,0,0,0,0,
301000000.0,600000000.0,1,1089,0,0.707293232134,0,0,0,0,0.197684210152,0,0,0,0,0,0,0,0,
301000000.0,600000000.0,1,1090,0,0.519625177412,0,0,0,0,0.162633518239,0,0,0,0,0,0,0,0,
301000000.0,600000000.0,1,1091,0,0.83174107758,0,0,0,0,0.130225394803,0,0,0,0,0,0,0,0,
301000000.0,600000000.0,1,1092,0,0.292376019505,0,0,0,0,0.988083067503,0,0,0,0,0,0,0,0,
301000000.0,600000000.0,1,1093,0,0.73589035232,0,0,0,0,0.587633257075,0,0,0,0,0,0,0,0,
301000000.0,600000000.0,1,1094,0,0.948535179618,0,0,0,0,0.268869864607,0,0,0,0,0,0,0,0,
301000000.0,600000000.0,1,1095,0,0.991441292946,0,0,0,0,0.86298080513,0,0,0,0,0,0,0,0,
301000000.0,600000000.0,1,1096,0,0.175243722022,0,0,0,0,0.352725100166,0,0,0,0,0,0,0,0,
301000000.0,600000000.0,1,1097,0,0.125985131172,0,0,0,0,0.852535303992,0,0,0,0,0,0,0,0,
301000000.0,600000000.0,1,1098,0,0.0995358808166,0,0,0,0,0.775167934267,0,0,0,0,0,0,0,0,
301000000.0,600000000.0,1,1099,0,0.532702409139,0,0,0,0,0.319192861287,0,0,0,0,0,0,0,0,
601000000.0,900000000.0,1,1000,0,0.661423529028,0,0,0,0,0.514418952561,0,0,0,0,0,0,0,0,
601000000.0,900000000.0,1,1001,0,0.259144206648,0,0,0,0,0.85362245889,0,0,0,0,0,0,0,0,
601000000.0,900000000.0,1,1002,0,0.471169620119,0,0,0,0,0.490837244013,0,0,0,0,0,0,0,0,
601000000.0,900000000.0,1,1003,0,0.979855294591,0,0,0,0,0.993531768972,0,0,0,0,0,0,0,0,
601000000.0,900000000.0,1,1004,0,0.418434366086,0,0,0,0,0.860992794057,0,0,0,0,0,0,0,0,
601000000.0,900000000.0,1,1005,0,0.0889081227009,0,0,0,0,0.914349176393,0,0,0,0,0,0,0,0,
601000000.0,900000000.0,1,1006,0,0.418202815128,0,0,0,0,0.717659595536,0,0,0,0,0,0,0,0,
601000000.0,900000000.0,1,1007,0,0.699591759007,0,0,0,0,0.586901241938,0,0,0,0,0,0,0,0,
601000000.0,900000000.0,1,1008,0,0.72046280476,0,0,0,0,0.39037148258,0,0,0,0,0,0,0,0,
601000000.0,900000000.0,1,1009,0,0.509169048973,0,0,0,0,0.0362340305031,0,0,0,0,0,0,0,0,
601000000.0,900000000.0,1,1010,0,0.877125901722,0,0,0,0,0.0882874963854,0,0,0,0,0,0,0,0,
601000000.0,900000000.0,1,1011,0,0.762568098728,0,0,0,0,0.963639860542,0,0,0,0,0,0,0,0,
601000000.0,900000000.0,1,1012,0,0.114243388875,0,0,0,0,0.8070725202,0,0,0,0,0,0,0,0,
601000000.0,900000000.0,1,1013,0,0.695340049471,0,0,0,0,0.501416814432,0,0,0,0,0,0,0,0,
601000000.0,900000000.0,1,1014,0,0.913222216431,0,0,0,0,0.484391201714,0,0,0,0,0,0,0,0,
601000000.0,900000000.0,1,1015,0,0.641353839691,0,0,0,0,0.560939369396,0,0,0,0,0,0,0,0,
601000000.0,900000000.0,1,1016,0,0.801474877851,0,0,0,0,0.948655845645,0,0,0,0,0,0,0,0,
601000000.0,900000000.0,1,1017,0,0.676437893257,0,0,0,0,0.178508568383,0,0,0,0,0,0,0,0,
601000000.0,900000000.0,1,1018,0,0.196671635511,0,0,0,0,0.0608147179656,0,0,0,0,0,0,0,0,
601000000.0,900000000.0,1,1019,0,0.166395140339,0,0,0,0,0.650981703149,0,0,0,0,0,0,0,0,
601000000.0,900000000.0,1,1020,0,0.548789518228,0,0,0,0,0.0137253274826,0,0,0,0,0,0,0,0,
601000000.0,900000000.0,1,1021,0,0.070640408997,0,0,0,0,0.398625242956,0,0,0,0,0,0,0,0,
601000000.0,900000000.0,1,1022,0,0.217375119042,0,0,0,0,0.560590828177,0,0,0,0,0,0,0,0,
601000000.0,900000000.0,1,1023,0,0.713485124362,0,0,0,0,0.963811801499,0,0,0,0,0,0,0,0,
601000000.0,900000000.0,1,1024,0,0.766647432766,0,0,0,0,0.8985103699,0,0,0,0,0,0,0,0,
601000000.0,900000000.0,1,1025,0,0.821770491347,0,0,0,0,0.513570096698,0,0,0,0,0,0,0,0,
601000000.0,900000000.0,1,1026,0,0.0833149472793,0,0,0,0,0.20441575412,0,0,0,0,0,0,0,0,
601000000.0,900000000.0,1,1027,0,0.128539736781,0,0,0,0,0.601141626837,0,0,0,0,0,0,0,0,
601000000.0,900000000.0,1,1028,0,0.241689307331,0,0,0,0,0.724973348997,0,0,0,0,0,0,0,0,
601000000.0,900000000.0,1,1029,0,0.0423855424244,0,0,0,0,0.424116991699,0,0,0,0,0,0,0,0,
601000000.0,900000000.0,1,1030,0,0.79726633468,0,0,0,0,0.0491214901804,0,0,0,0,0,0,0,0,
601000000.0,900000000.0,1,1031,0,0.800847872908,0,0,0,0,0.747265481278,0,0,0,0,0,0,0,0,
601000000.0,900000000.0,1,1032,0,0.309313132543,0,0,0,0,0.955060518987,0,0,0,0,0,0,0,0,
601000000.0,900000000.0,1,1033,0,0.463355073452,0,0,0,0,0.509153323892,0,0,0,0,0,0,0,0,
601000000.0,900000000.0,1,1034,0,0.699233301576,0,0,0,0,0.878838483268,0,0,0,0,0,0,0,0,
601000000.0,900000000.0,1,1035,0,0.309577715087,0,0,0,0,0.146014864557,0,0,0,0,0,0,0,0,
601000000.0,900000000.0,1,1036,0,0.414268243655,0,0,0,0,0.0863443066976,0,0,0,0,0,0,0,0,
601000000.0,900000000.0,1,1037,0,0.657362455096,0,0,0,0,0.396947887492,0,0,0,0,0,0,0,0,
601000000.0,900000000.0,1,1038,0,0.625581343942,0,0,0,0,0.478698841735,0,0,0,0,0,0,0,0,
601000000.0,900000000.0,1,1039,0,0.544252287757,0,0,0,0,0.107067396068,0,0,0,0,0,0,0,0,
601000000.0,900000000.0,1,1040,0,0.681529783279,0,0,0,0,0.742823238701,0,0,0,0,0,0,0,0,
601000000.0,900000000.0,1,1041,0,0.829022716708,0,0,0,0,0.205550504877,0,0,0,0,0,0,0,0,
601000000.0,900000000.0,1,1042,0,0.331709637532,0,0,0,0,0.227152599836,0,0,0,0,0,0,0,0,
601000000.0,900000000.0,1,1043,0,0.813592646132,0,0,0,0,0.0149609897586,0,0,0,0,0,0,0,0,
601000000.0,900000000.0,1,1044,0,0.766664950717,0,0,0,0,0.414171445738,0,0,0,0,0,0,0,0,
601000000.0,900000000.0,1,1045,0,0.172634570699,0,0,0,0,0.902005394169,0,0,0,0,0,0,0,0,
601000000.0,900000000.0,1,1046,0,0.780063549059,0,0,0,0,0.46775885586,0,0,0,0,0,0,0,0,
601000000.0,900000000.0,1,1047,0,0.549312301986,0,0,0,0,0.62387801847,0,0,0,0,0,0,0,0,
601000000.0,900000000.0,1,1048,0,0.460734900066,0,0,0,0,0.478288500793,0,0,0,0,0,0,0,0,
601000000.0,900000000.0,1,1049,0,0.912509549639,0,0,0,0,0.832311013125,0,0,0,0,0,0,0,0,
601000000.0,900000000.0,1,1050,0,0.855470359915,0,0,0,0,0.017767329502,0,0,0,0,0,0,0,0,
601000000.0,900000000.0,1,1051,0,0.731438474182,0,0,0,0,0.239849359093,0,0,0,0,0,0,0,0,
601000000.0,900000000.0,1,1052,0,0.138839090803,0,0,0,0,0.470625448946,0,0,0,0,0,0,0,0,
601000000.0,900000000.0,1,1053,0,0.762589335659,0,0,0,0,0.496682513611,0,0,0,0,0,0,0,0,
601000000.0,900000000.0,1,1054,0,0.168520094872,0,0,0,0,0.0514388540408,0,0,0,0,0,0,0,0,
601000000.0,900000000.0,1,1055,0,0.905825713219,0,0,0,0,0.222746836896,0,0,0,0,0,0,0,0,
601000000.0,900000000.0,1,1056,0,0.302010434279,0,0,0,0,0.427534218883,0,0,0,0,0,0,0,0,
601000000.0,900000000.0,1,1057,0,0.318829008541,0,0,0,0,0.551843964247,0,0,0,0,0,0,0,0,
601000000.0,900000000.0,1,1058,0,0.49687741495,0,0,0,0,0.772973041104,0,0,0,0,0,0,0,0,
601000000.0,900000000.0,1,1059,0,0.503817674231,0,0,0,0,0.396294890355,0,0,0,0,0,0,0,0,
601000000.0,900000000.0,1,1060,0,0.433442399023,0,0,0,0,0.643292402861,0,0,0,0,0,0,0,0,
601000000.0,900000000.0,1,1061,0,0.320524930125,0,0,0,0,0.494988577675,0,0,0,0,0,0,0,0,
601000000.0,900000000.0,1,1062,0,0.631135899333,0,0,0,0,0.140804386194,0,0,0,0,0,0,0,0,
601000000.0,900000000.0,1,1063,0,0.344780646842,0,0,0,0,0.267838548251,0,0,0,0,0,0,0,0,
601000000.0,900000000.0,1,1064,0,0.711252837513,0,0,0,0,0.593252134331,0,0,0,0,0,0,0,0,
601000000.0,900000000.0,1,1065,0,0.612340187541,0,0,0,0,0.00130157548982,0,0,0,0,0,0,0,0,
601000000.0,900000000.0,1,1066,0,0.906487584119,0,0,0,0,0.910109429118,0,0,0,0,0,0,0,0,
601000000.0,900000000.0,1,1067,0,0.0568742763167,0,0,0,0,0.773183139734,0,0,0,0,0,0,0,0,
601000000.0,900000000.0,1,1068,0,0.235610681005,0,0,0,0,0.454286738515,0,0,0,0,0,0,0,0,
601000000.0,900000000.0,1,1069,0,0.0860033738025,0,0,0,0,0.09361285256,0,0,0,0,0,0,0,0,
601000000.0,900000000.0,1,1070,0,0.750388130395,0,0,0,0,0.0186656372849,0,0,0,0,0,0,0,0,
601000000.0,900000000.0,1,1071,0,0.850540946589,0,0,0,0,0.566314826854,0,0,0,0,0,0,0,0,
601000000.0,900000000.0,1,1072,0,0.999073647814,0,0,0,0,0.283830616762,0,0,0,0,0,0,0,0,
601000000.0,900000000.0,1,1073,0,0.287268403883,0,0,0,0,0.20453606116,0,0,0,0,0,0,0,0,
601000000.0,900000000.0,1,1074,0,0.492226007649,0,0,0,0,0.890785318667,0,0,0,0,0,0,0,0,
601000000.0,900000000.0,1,1075,0,0.368676974295,0,0,0,0,0.161454804916,0,0,0,0,0,0,0,0,
601000000.0,900000000.0,1,1076,0,0.454295090033,0,0,0,0,0.658431693908,0,0,0,0,0,0,0,0,
601000000.0,900000000.0,1,1077,0,0.346431359388,0,0,0,0,0.00560463159953,0,0,0,0,0,0,0,0,
601000000.0,900000000.0,1,1078,0,0.672419053001,0,0,0,0,0.449137897071,0,0,0,0,0,0,0,0,
601000000.0,900000000.0,1,1079,0,0.0399754158436,0,0,0,0,0.568498364228,0,0,0,0,0,0,0,0,
601000000.0,900000000.0,1,1080,0,0.529342045619,0,0,0,0,0.0637182381488,0,0,0,0,0,0,0,0,
601000000.0,900000000.0,1,1081,0,0.191117162899,0,0,0,0,0.460560194851,0,0,0,0,0,0,0,0,
601000000.0,900000000.0,1,1082,0,0.877955715402,0,0,0,0,0.404943036883,0,0,0,0,0,0,0,0,
601000000.0,900000000.0,1,1083,0,0.690893642192,0,0,0,0,0.852431949952,0,0,0,0,0,0,0,0,
601000000.0,900000000.0,1,1084,0,0.276437821247,0,0,0,0,0.762939596491,0,0,0,0,0,0,0,0,
601000000.0,900000000.0,1,1085,0,0.983464156173,0,0,0,0,0.653528936823,0,0,0,0,0,0,0,0,
601000000.0,900000000.0,1,1086,0,0.207322303267,0,0,0,0,0.715295018979,0,0,0,0,0,0,0,0,
601000000.0,900000000.0,1,1087,0,0.842804144232,0,0,0,0,0.387030562436,0,0,0,0,0,0,0,0,
601000000.0,900000000.0,1,1088,0,0.455470584616,0,0,0,0,0.614855726713,0,0,0,0,0,0,0,0,
601000000.0,900000000.0,1,1089,0,0.899332276626,0,0,0,0,0.602504821026,0,0,0,0,0,0,0,0,
601000000.0,900000000.0,1,1090,0,0.498666770851,0,0,0,0,0.889051625856,0,0,0,0,0,0,0,0,
601000000.0,900000000.0,1,1091,0,0.680586264186,0,0,0,0,0.312956377886,0,0,0,0,0,0,0,0,
601000000.0,900000000.0,1,1092,0,0.898754752431,0,0,0,0,0.00307525497067,0,0,0,0,0,0,0,0,
601000000.0,900000000.0,1,1093,0,0.906768384918,0,0,0,0,0.228631049281,0,0,0,0,0,0,0,0,
601000000.0,900000000.0,1,1094,0,0.900642584014,0,0,0,0,0.254949166337,0,0,0,0,0,0,0,0,
601000000.0,900000000.0,1,1095,0,0.319542665566,0,0,0,0,0.922104515563,0,0,0,0,0,0,0,0,
601000000.0,900000000.0,1,1096,0,0.519563374943,0,0,0,0,0.650951960667,0,0,0,0,0,0,0,0,
601000000.0,900000000.0,1,1097,0,0.812180218742,0,0,0,0,0.943315611177,0,0,0,0,0,0,0,0,
601000000.0,900000000.0,1,1098,0,0.971082649269,0,0,0,0,0.174699320832,0,0,0,0,0,0,0,0,
601000000.0,900000000.0,1,1099,0,0.546512316069,0,0,0,0,0.120455013652,0,0,0,0,0,0,0,0,
901000000.0,1200000000.0,1,1000,0,0.404667282075,0,0,0,0,0.768685225554,0,0,0,0,0,0,0,0,
901000000.0,1200000000.0,1,1001,0,0.832157034282,0,0,0,0,0.0685636896388,0,0,0,0,0,0,0,0,
901000000.0,1200000000.0,1,1002,0,0.919011214598,0,0,0,0,0.0886748958312,0,0,0,0,0,0,0,0,
901000000.0,1200000000.0,1,1003,0,0.737371907062,0,0,0,0,0.715673295331,0,0,0,0,0,0,0,0,
901000000.0,1200000000.0,1,1004,0,0.923668878314,0,0,0,0,0.757115149761,0,0,0,0,0,0,0,0,
901000000.0,1200000000.0,1,1005,0,0.755163808879,0,0,0,0,0.833986872983,0,0,0,0,0,0,0,0,
901000000.0,1200000000.0,1,1006,0,0.95616925851,0,0,0,0,0.0836820680738,0,0,0,0,0,0,0,0,
901000000.0,1200000000.0,1,1007,0,0.471414116598,0,0,0,0,0.556915659265,0,0,0,0,0,0,0,0,
901000000.0,1200000000.0,1,1008,0,0.799490259112,0,0,0,0,0.0203858174931,0,0,0,0,0,0,0,0,
901000000.0,1200000000.0,1,1009,0,0.971546334106,0,0,0,0,0.468209869795,0,0,0,0,0,0,0,0,
901000000.0,1200000000.0,1,1010,0,0.725942830397,0,0,0,0,0.538697407141,0,0,0,0,0,0,0,0,
901000000.0,1200000000.0,1,1011,0,0.0682915942236,0,0,0,0,0.101371324031,0,0,0,0,0,0,0,0,
901000000.0,1200000000.0,1,1012,0,0.984595267935,0,0,0,0,0.115088262523,0,0,0,0,0,0,0,0,
901000000.0,1200000000.0,1,1013,0,0.952499256521,0,0,0,0,0.290167465753,0,0,0,0,0,0,0,0,
901000000.0,1200000000.0,1,1014,0,0.103904299564,0,0,0,0,0.0807266567809,0,0,0,0,0,0,0,0,
901000000.0,1200000000.0,1,1015,0,0.945292263429,0,0,0,0,0.66718629964,0,0,0,0,0,0,0,0,
901000000.0,1200000000.0,1,1016,0,0.259243089621,0,0,0,0,0.452458374858,0,0,0,0,0,0,0,0,
901000000.0,1200000000.0,1,1017,0,0.801215732983,0,0,0,0,0.116773847775,0,0,0,0,0,0,0,0,
901000000.0,1200000000.0,1,1018,0,0.0353322830978,0,0,0,0,0.612912267784,0,0,0,0,0,0,0,0,
901000000.0,1200000000.0,1,1019,0,0.293736805149,0,0,0,0,0.207638519927,0,0,0,0,0,0,0,0,
901000000.0,1200000000.0,1,1020,0,0.490555937998,0,0,0,0,0.785279850199,0,0,0,0,0,0,0,0,
901000000.0,1200000000.0,1,1021,0,0.39330785196,0,0,0,0,0.949215012277,0,0,0,0,0,0,0,0,
901000000.0,1200000000.0,1,1022,0,0.710377914219,0,0,0,0,0.285576123991,0,0,0,0,0,0,0,0,
901000000.0,1200000000.0,1,1023,0,0.233955489158,0,0,0,0,0.697745183641,0,0,0,0,0,0,0,0,
901000000.0,1200000000.0,1,1024,0,0.14357522713,0,0,0,0,0.235607313486,0,0,0,0,0,0,0,0,
901000000.0,1200000000.0,1,1025,0,0.298893178468,0,0,0,0,0.487621767944,0,0,0,0,0,0,0,0,
901000000.0,1200000000.0,1,1026,0,0.328489820985,0,0,0,0,0.666267835096,0,0,0,0,0,0,0,0,
901000000.0,1200000000.0,1,1027,0,0.651273449005,0,0,0,0,0.303355124942,0,0,0,0,0,0,0,0,
901000000.0,1200000000.0,1,1028,0,0.00334979526675,0,0,0,0,0.619077657231,0,0,0,0,0,0,0,0,
901000000.0,1200000000.0,1,1029,0,0.209188403316,0,0,0,0,0.532568661855,0,0,0,0,0,0,0,0,
901000000.0,1200000000.0,1,1030,0,0.232145193668,0,0,0,0,0.633663558707,0,0,0,0,0,0,0,0,
901000000.0,1200000000.0,1,1031,0,0.370945526664,0,0,0,0,0.950793933173,0,0,0,0,0,0,0,0,
901000000.0,1200000000.0,1,1032,0,0.645668959238,0,0,0,0,0.341924057516,0,0,0,0,0,0,0,0,
901000000.0,1200000000.0,1,1033,0,0.237311966042,0,0,0,0,0.294329219366,0,0,0,0,0,0,0,0,
901000000.0,1200000000.0,1,1034,0,0.847485298553,0,0,0,0,0.282264698848,0,0,0,0,0,0,0,0,
901000000.0,1200000000.0,1,1035,0,0.466370284674,0,0,0,0,0.0854819784972,0,0,0,0,0,0,0,0,
901000000.0,1200000000.0,1,1036,0,0.113492375484,0,0,0,0,0.54223891985,0,0,0,0,0,0,0,0,
901000000.0,1200000000.0,1,1037,0,0.308044503505,0,0,0,0,0.548554027537,0,0,0,0,0,0,0,0,
901000000.0,1200000000.0,1,1038,0,0.162966904663,0,0,0,0,0.160517774668,0,0,0,0,0,0,0,0,
901000000.0,1200000000.0,1,1039,0,0.995526624431,0,0,0,0,0.803199084922,0,0,0,0,0,0,0,0,
901000000.0,1200000000.0,1,1040,0,0.154881897032,0,0,0,0,0.48601864341,0,0,0,0,0,0,0,0,
901000000.0,1200000000.0,1,1041,0,0.490636282344,0,0,0,0,0.596583506165,0,0,0,0,0,0,0,0,
901000000.0,1200000000.0,1,1042,0,0.713926810397,0,0,0,0,0.676261765683,0,0,0,0,0,0,0,0,
901000000.0,1200000000.0,1,1043,0,0.37714603903,0,0,0,0,0.65814297359,0,0,0,0,0,0,0,0,
901000000.0,1200000000.0,1,1044,0,0.765980475233,0,0,0,0,0.189985139953,0,0,0,0,0,0,0,0,
901000000.0,1200000000.0,1,1045,0,0.71175686342,0,0,0,0,0.669290532855,0,0,0,0,0,0,0,0,
901000000.0,1200000000.0,1,1046,0,0.697839764074,0,0,0,0,0.60890330955,0,0,0,0,0,0,0,0,
901000000.0,1200000000.0,1,1047,0,0.780643941719,0,0,0,0,0.70222122744,0,0,0,0,0,0,0,0,
901000000.0,1200000000.0,1,1048,0,0.737535863879,0,0,0,0,0.788722732858,0,0,0,0,0,0,0,0,
901000000.0,1200000000.0,1,1049,0,0.570946897767,0,0,0,0,0.992479170557,0,0,0,0,0,0,0,0,
901000000.0,1200000000.0,1,1050,0,0.491520817187,0,0,0,0,0.954427473118,0,0,0,0,0,0,0,0,
901000000.0,1200000000.0,1,1051,0,0.960877681723,0,0,0,0,0.513591979476,0,0,0,0,0,0,0,0,
901000000.0,1200000000.0,1,1052,0,0.656862640145,0,0,0,0,0.758199865106,0,0,0,0,0,0,0,0,
901000000.0,1200000000.0,1,1053,0,0.835468963496,0,0,0,0,0.26161401203,0,0,0,0,0,0,0,0,
901000000.0,1200000000.0,1,1054,0,0.909424881401,0,0,0,0,0.114614883371,0,0,0,0,0,0,0,0,
901000000.0,1200000000.0,1,1055,0,0.811342921209,0,0,0,0,0.435219625924,0,0,0,0,0,0,0,0,
901000000.0,1200000000.0,1,1056,0,0.38211747953,0,0,0,0,0.942326923101,0,0,0,0,0,0,0,0,
901000000.0,1200000000.0,1,1057,0,0.490800548292,0,0,0,0,0.694870506339,0,0,0,0,0,0,0,0,
901000000.0,1200000000.0,1,1058,0,0.835249728048,0,0,0,0,0.772463986208,0,0,0,0,0,0,0,0,
901000000.0,1200000000.0,1,1059,0,0.419296243254,0,0,0,0,0.171619788851,0,0,0,0,0,0,0,0,
901000000.0,1200000000.0,1,1060,0,0.296515175254,0,0,0,0,0.258346586844,0,0,0,0,0,0,0,0,
901000000.0,1200000000.0,1,1061,0,0.118519429442,0,0,0,0,0.759059307255,0,0,0,0,0,0,0,0,
901000000.0,1200000000.0,1,1062,0,0.643448732811,0,0,0,0,0.575986438333,0,0,0,0,0,0,0,0,
901000000.0,1200000000.0,1,1063,0,0.295133895879,0,0,0,0,0.920736229522,0,0,0,0,0,0,0,0,
901000000.0,1200000000.0,1,1064,0,0.597780331933,0,0,0,0,0.249009193846,0,0,0,0,0,0,0,0,
901000000.0,1200000000.0,1,1065,0,0.451353759961,0,0,0,0,0.998625213211,0,0,0,0,0,0,0,0,
901000000.0,1200000000.0,1,1066,0,0.09927939053,0,0,0,0,0.833379154667,0,0,0,0,0,0,0,0,
901000000.0,1200000000.0,1,1067,0,0.264971082626,0,0,0,0,0.445642484752,0,0,0,0,0,0,0,0,
901000000.0,1200000000.0,1,1068,0,0.22645540397,0,0,0,0,0.715673714385,0,0,0,0,0,0,0,0,
901000000.0,1200000000.0,1,1069,0,0.584118622673,0,0,0,0,0.500242823644,0,0,0,0,0,0,0,0,
901000000.0,1200000000.0,1,1070,0,0.609823737837,0,0,0,0,0.0244438727097,0,0,0,0,0,0,0,0,
901000000.0,1200000000.0,1,1071,0,0.253262188005,0,0,0,0,0.954369432962,0,0,0,0,0,0,0,0,
901000000.0,1200000000.0,1,1072,0,0.845279487762,0,0,0,0,0.93055550099,0,0,0,0,0,0,0,0,
901000000.0,1200000000.0,1,1073,0,0.53471667241,0,0,0,0,0.730036659173,0,0,0,0,0,0,0,0,
901000000.0,1200000000.0,1,1074,0,0.765097183461,0,0,0,0,0.327469240681,0,0,0,0,0,0,0,0,
901000000.0,1200000000.0,1,1075,0,0.836948304018,0,0,0,0,0.704656750825,0,0,0,0,0,0,0,0,
901000000.0,1200000000.0,1,1076,0,0.502169963221,0,0,0,0,0.449471828768,0,0,0,0,0,0,0,0,
901000000.0,1200000000.0,1,1077,0,0.0748750168739,0,0,0,0,0.526770706789,0,0,0,0,0,0,0,0,
901000000.0,1200000000.0,1,1078,0,0.273410273306,0,0,0,0,0.389584791359,0,0,0,0,0,0,0,0,
901000000.0,1200000000.0,1,1079,0,0.150430317868,0,0,0,0,0.171806466372,0,0,0,0,0,0,0,0,
901000000.0,1200000000.0,1,1080,0,0.419434007467,0,0,0,0,0.0286616991621,0,0,0,0,0,0,0,0,
901000000.0,1200000000.0,1,1081,0,0.453900548827,0,0,0,0,0.5380047807,0,0,0,0,0,0,0,0,
901000000.0,1200000000.0,1,1082,0,0.352391421754,0,0,0,0,0.160522745229,0,0,0,0,0,0,0,0,
901000000.0,1200000000.0,1,1083,0,0.65966006397,0,0,0,0,0.756293622078,0,0,0,0,0,0,0,0,
901000000.0,1200000000.0,1,1084,0,0.284116156679,0,0,0,0,0.295624496546,0,0,0,0,0,0,0,0,
901000000.0,1200000000.0,1,1085,0,0.845162625454,0,0,0,0,0.202338956102,0,0,0,0,0,0,0,0,
901000000.0,1200000000.0,1,1086,0,0.989272016099,0,0,0,0,0.0405651601922,0,0,0,0,0,0,0,0,
901000000.0,1200000000.0,1,1087,0,0.969355322197,0,0,0,0,0.375653035285,0,0,0,0,0,0,0,0,
901000000.0,1200000000.0,1,1088,0,0.395358972698,0,0,0,0,0.618879191931,0,0,0,0,0,0,0,0,
901000000.0,1200000000.0,1,1089,0,0.298437905286,0,0,0,0,0.445841686227,0,0,0,0,0,0,0,0,
901000000.0,1200000000.0,1,1090,0,0.291156081376,0,0,0,0,0.640238618774,0,0,0,0,0,0,0,0,
901000000.0,1200000000.0,1,1091,0,0.312125284488,0,0,0,0,0.723773456651,0,0,0,0,0,0,0,0,
901000000.0,1200000000.0,1,1092,0,0.872526286162,0,0,0,0,0.488436381811,0,0,0,0,0,0,0,0,
901000000.0,1200000000.0,1,1093,0,0.97592414376,0,0,0,0,0.124915406,0,0,0,0,0,0,0,0,
901000000.0,1200000000.0,1,1094,0,0.490969332727,0,0,0,0,0.788843254201,0,0,0,0,0,0,0,0,
901000000.0,1200000000.0,1,1095,0,0.708687358646,0,0,0,0,0.96531124247,0,0,0,0,0,0,0,0,
901000000.0,1200000000.0,1,1096,0,0.508764599301,0,0,0,0,0.146917875347,0,0,0,0,0,0,0,0,
901000000.0,1200000000.0,1,1097,0,0.690227381667,0,0,0,0,0.414084916886,0,0,0,0,0,0,0,0,
901000000.0,1200000000.0,1,1098,0,0.977788819849,0,0,0,0,0.122644452688,0,0,0,0,0,0,0,0,
901000000.0,1200000000.0,1,1099,0,0.799527175642,0,0,0,0,0.621815740232,0,0,0,0,0,0,0,0,
1201000000.0,1500000000.0,1,1000,0,0.0513788631413,0,0,0,0,0.101804623735,0,0,0,0,0,0,0,0,
1201000000.0,1500000000.0,1,1001,0,0.822402225226,0,0,0,0,0.284656394439,0,0,0,0,0,0,0,0,
1201000000.0,1500000000.0,1,1002,0,0.280248152308,0,0,0,0,0.369309788879,0,0,0,0,0,0,0,0,
1201000000.0,1500000000.0,1,1003,0,0.16998354487,0,0,0,0,0.50242843548,0,0,0,0,0,0,0,0,
1201000000.0,1500000000.0,1,1004,0,0.852556250277,0,0,0,0,0.346559137096,0,0,0,0,0,0,0,0,
1201000000.0,1500000000.0,1,1005,0,0.0800973801471,0,0,0,0,0.117505667268,0,0,0,0,0,0,0,0,
1201000000.0,1500000000.0,1,1006,0,0.761804533672,0,0,0,0,0.79791599409,0,0,0,0,0,0,0,0,
1201000000.0,1500000000.0,1,1007,0,0.926584994979,0,0,0,0,0.19044323232,0,0,0,0,0,0,0,0,
1201000000.0,1500000000.0,1,1008,0,0.788371043783,0,0,0,0,0.0763231824978,0,0,0,0,0,0,0,0,
1201000000.0,1500000000.0,1,1009,0,0.093127405415,0,0,0,0,0.472335218046,0,0,0,0,0,0,0,0,
1201000000.0,1500000000.0,1,1010,0,0.261301079324,0,0,0,0,0.540252294381,0,0,0,0,0,0,0,0,
1201000000.0,1500000000.0,1,1011,0,0.299595439305,0,0,0,0,0.0552765719396,0,0,0,0,0,0,0,0,
1201000000.0,1500000000.0,1,1012,0,0.195574093728,0,0,0,0,0.247653576056,0,0,0,0,0,0,0,0,
1201000000.0,1500000000.0,1,1013,0,0.265377775793,0,0,0,0,0.674501332298,0,0,0,0,0,0,0,0,
1201000000.0,1500000000.0,1,1014,0,0.417254979318,0,0,0,0,0.279955094661,0,0,0,0,0,0,0,0,
1201000000.0,1500000000.0,1,1015,0,0.281086716167,0,0,0,0,0.503681372055,0,0,0,0,0,0,0,0,
1201000000.0,1500000000.0,1,1016,0,0.793754083727,0,0,0,0,0.641282808582,0,0,0,0,0,0,0,0,
1201000000.0,1500000000.0,1,1017,0,0.0593806003066,0,0,0,0,0.740130891212,0,0,0,0,0,0,0,0,
1201000000.0,1500000000.0,1,1018,0,0.0388906231263,0,0,0,0,0.0937940958892,0,0,0,0,0,0,0,0,
1201000000.0,1500000000.0,1,1019,0,0.176942942241,0,0,0,0,0.539230316195,0,0,0,0,0,0,0,0,
1201000000.0,1500000000.0,1,1020,0,0.87416331074,0,0,0,0,0.580871325263,0,0,0,0,0,0,0,0,
1201000000.0,1500000000.0,1,1021,0,0.33335456353,0,0,0,0,0.826400227486,0,0,0,0,0,0,0,0,
1201000000.0,1500000000.0,1,1022,0,0.885368181195,0,0,0,0,0.0113324894001,0,0,0,0,0,0,0,0,
1201000000.0,1500000000.0,1,1023,0,0.62862347084,0,0,0,0,0.321527440846,0,0,0,0,0,0,0,0,
1201000000.0,1500000000.0,1,1024,0,0.580571617185,0,0,0,0,0.856332221696,0,0,0,0,0,0,0,0,
1201000000.0,1500000000.0,1,1025,0,0.326396485361,0,0,0,0,0.844075602215,0,0,0,0,0,0,0,0,
1201000000.0,1500000000.0,1,1026,0,0.266753395594,0,0,0,0,0.211893317016,0,0,0,0,0,0,0,0,
1201000000.0,1500000000.0,1,1027,0,0.483208658811,0,0,0,0,0.621369851524,0,0,0,0,0,0,0,0,
1201000000.0,1500000000.0,1,1028,0,0.457838249246,0,0,0,0,0.0363735898547,0,0,0,0,0,0,0,0,
1201000000.0,1500000000.0,1,1029,0,0.185653136562,0,0,0,0,0.125924578058,0,0,0,0,0,0,0,0,
1201000000.0,1500000000.0,1,1030,0,0.839769753233,0,0,0,0,0.449718734836,0,0,0,0,0,0,0,0,
1201000000.0,1500000000.0,1,1031,0,0.577757240074,0,0,0,0,0.21930049201,0,0,0,0,0,0,0,0,
1201000000.0,1500000000.0,1,1032,0,0.311517153648,0,0,0,0,0.918373633759,0,0,0,0,0,0,0,0,
1201000000.0,1500000000.0,1,1033,0,0.45959315072,0,0,0,0,0.565555690371,0,0,0,0,0,0,0,0,
1201000000.0,1500000000.0,1,1034,0,0.234087245655,0,0,0,0,0.0011884439808,0,0,0,0,0,0,0,0,
1201000000.0,1500000000.0,1,1035,0,0.611740027293,0,0,0,0,0.00567805365369,0,0,0,0,0,0,0,0,
1201000000.0,1500000000.0,1,1036,0,0.883596258583,0,0,0,0,0.800846074937,0,0,0,0,0,0,0,0,
1201000000.0,1500000000.0,1,1037,0,0.930643161063,0,0,0,0,0.594393508715,0,0,0,0,0,0,0,0,
1201000000.0,1500000000.0,1,1038,0,0.585593493348,0,0,0,0,0.683365276074,0,0,0,0,0,0,0,0,
1201000000.0,1500000000.0,1,1039,0,0.152414427028,0,0,0,0,0.351801335975,0,0,0,0,0,0,0,0,
1201000000.0,1500000000.0,1,1040,0,0.464716977848,0,0,0,0,0.147513825697,0,0,0,0,0,0,0,0,
1201000000.0,1500000000.0,1,1041,0,0.679000684586,0,0,0,0,0.742338375677,0,0,0,0,0,0,0,0,
1201000000.0,1500000000.0,1,1042,0,0.147535991153,0,0,0,0,0.196608609056,0,0,0,0,0,0,0,0,
1201000000.0,1500000000.0,1,1043,0,0.653730067158,0,0,0,0,0.741685741364,0,0,0,0,0,0,0,0,
1201000000.0,1500000000.0,1,1044,0,0.746698981314,0,0,0,0,0.508742147092,0,0,0,0,0,0,0,0,
1201000000.0,1500000000.0,1,1045,0,0.782906807465,0,0,0,0,0.102287569786,0,0,0,0,0,0,0,0,
1201000000.0,1500000000.0,1,1046,0,0.677621134983,0,0,0,0,0.626302382784,0,0,0,0,0,0,0,0,
1201000000.0,1500000000.0,1,1047,0,0.930224910717,0,0,0,0,0.864533001603,0,0,0,0,0,0,0,0,
1201000000.0,1500000000.0,1,1048,0,0.660364660813,0,0,0,0,0.923359356034,0,0,0,0,0,0,0,0,
1201000000.0,1500000000.0,1,1049,0,0.31270542183,0,0,0,0,0.232903438235,0,0,0,0,0,0,0,0,
1201000000.0,1500000000.0,1,1050,0,0.74242738123,0,0,0,0,0.632479984102,0,0,0,0,0,0,0,0,
1201000000.0,1500000000.0,1,1051,0,0.317726727506,0,0,0,0,0.196050943569,0,0,0,0,0,0,0,0,
1201000000.0,1500000000.0,1,1052,0,0.259793564654,0,0,0,0,0.410093377207,0,0,0,0,0,0,0,0,
1201000000.0,1500000000.0,1,1053,0,0.835978703408,0,0,0,0,0.550493672367,0,0,0,0,0,0,0,0,
1201000000.0,1500000000.0,1,1054,0,0.317935806505,0,0,0,0,0.229062809188,0,0,0,0,0,0,0,0,
1201000000.0,1500000000.0,1,1055,0,0.488572711143,0,0,0,0,0.853038021386,0,0,0,0,0,0,0,0,
1201000000.0,1500000000.0,1,1056,0,0.871931044447,0,0,0,0,0.170049807144,0,0,0,0,0,0,0,0,
1201000000.0,1500000000.0,1,1057,0,0.646237097477,0,0,0,0,0.990067524719,0,0,0,0,0,0,0,0,
1201000000.0,1500000000.0,1,1058,0,0.674777831288,0,0,0,0,0.552942719395,0,0,0,0,0,0,0,0,
1201000000.0,1500000000.0,1,1059,0,0.421882240361,0,0,0,0,0.769375362028,0,0,0,0,0,0,0,0,
1201000000.0,1500000000.0,1,1060,0,0.319838271736,0,0,0,0,0.541200797808,0,0,0,0,0,0,0,0,
1201000000.0,1500000000.0,1,1061,0,0.871679938465,0,0,0,0,0.391073971427,0,0,0,0,0,0,0,0,
1201000000.0,1500000000.0,1,1062,0,0.1736646622,0,0,0,0,0.0644726700986,0,0,0,0,0,0,0,0,
1201000000.0,1500000000.0,1,1063,0,0.809785742222,0,0,0,0,0.444146436474,0,0,0,0,0,0,0,0,
1201000000.0,1500000000.0,1,1064,0,0.880871461415,0,0,0,0,0.418539012045,0,0,0,0,0,0,0,0,
1201000000.0,1500000000.0,1,1065,0,0.58280953783,0,0,0,0,0.966472452827,0,0,0,0,0,0,0,0,
1201000000.0,1500000000.0,1,1066,0,0.844066326976,0,0,0,0,0.544578054522,0,0,0,0,0,0,0,0,
1201000000.0,1500000000.0,1,1067,0,0.27661648446,0,0,0,0,0.247587501432,0,0,0,0,0,0,0,0,
1201000000.0,1500000000.0,1,1068,0,0.784278857025,0,0,0,0,0.246718031001,0,0,0,0,0,0,0,0,
1201000000.0,1500000000.0,1,1069,0,0.423933314348,0,0,0,0,0.947837426267,0,0,0,0,0,0,0,0,
1201000000.0,1500000000.0,1,1070,0,0.87453744313,0,0,0,0,0.917062217482,0,0,0,0,0,0,0,0,
1201000000.0,1500000000.0,1,1071,0,0.321435885423,0,0,0,0,0.0326221668182,0,0,0,0,0,0,0,0,
1201000000.0,1500000000.0,1,1072,0,0.707910154869,0,0,0,0,0.905504062785,0,0,0,0,0,0,0,0,
1201000000.0,1500000000.0,1,1073,0,0.312212175019,0,0,0,0,0.0396847955348,0,0,0,0,0,0,0,0,
1201000000.0,1500000000.0,1,1074,0,0.202316384175,0,0,0,0,0.504455129461,0,0,0,0,0,0,0,0,
1201000000.0,1500000000.0,1,1075,0,0.418756361647,0,0,0,0,0.298074715697,0,0,0,0,0,0,0,0,
1201000000.0,1500000000.0,1,1076,0,0.729070485364,0,0,0,0,0.862620126365,0,0,0,0,0,0,0,0,
1201000000.0,1500000000.0,1,1077,0,0.372050019858,0,0,0,0,0.835146897634,0,0,0,0,0,0,0,0,
1201000000.0,1500000000.0,1,1078,0,0.00936777109509,0,0,0,0,0.235597803889,0,0,0,0,0,0,0,0,
1201000000.0,1500000000.0,1,1079,0,0.618402696483,0,0,0,0,0.446715846633,0,0,0,0,0,0,0,0,
1201000000.0,1500000000.0,1,1080,0,0.0834339983191,0,0,0,0,0.0911311669328,0,0,0,0,0,0,0,0,
1201000000.0,1500000000.0,1,1081,0,0.956928478263,0,0,0,0,0.613846794412,0,0,0,0,0,0,0,0,
1201000000.0,1500000000.0,1,1082,0,0.275319757042,0,0,0,0,0.345279003152,0,0,0,0,0,0,0,0,
1201000000.0,1500000000.0,1,1083,0,0.529203718458,0,0,0,0,0.278913463203,0,0,0,0,0,0,0,0,
1201000000.0,1500000000.0,1,1084,0,0.00502642341214,0,0,0,0,0.521901864111,0,0,0,0,0,0,0,0,
1201000000.0,1500000000.0,1,1085,0,0.100635300316,0,0,0,0,0.75441250274,0,0,0,0,0,0,0,0,
1201000000.0,1500000000.0,1,1086,0,0.512886317895,0,0,0,0,0.594097549763,0,0,0,0,0,0,0,0,
1201000000.0,1500000000.0,1,1087,0,0.968390391001,0,0,0,0,0.425915345348,0,0,0,0,0,0,0,0,
1201000000.0,1500000000.0,1,1088,0,0.101247431768,0,0,0,0,0.39746338333,0,0,0,0,0,0,0,0,
1201000000.0,1500000000.0,1,1089,0,0.380084487173,0,0,0,0,0.326855426007,0,0,0,0,0,0,0,0,
1201000000.0,1500000000.0,1,1090,0,0.114884417566,0,0,0,0,0.157331738174,0,0,0,0,0,0,0,0,
1201000000.0,1500000000.0,1,1091,0,0.425047176309,0,0,0,0,0.30734633537,0,0,0,0,0,0,0,0,
1201000000.0,1500000000.0,1,1092,0,0.20589572504,0,0,0,0,0.856226839304,0,0,0,0,0,0,0,0,
1201000000.0,1500000000.0,1,1093,0,0.647913093524,0,0,0,0,0.557979923749,0,0,0,0,0,0,0,0,
1201000000.0,1500000000.0,1,1094,0,0.868355295827,0,0,0,0,0.723543136857,0,0,0,0,0,0,0,0,
1201000000.0,1500000000.0,1,1095,0,0.208841671426,0,0,0,0,0.53039557467,0,0,0,0,0,0,0,0,
1201000000.0,1500000000.0,1,1096,0,0.88425286769,0,0,0,0,0.238071479489,0,0,0,0,0,0,0,0,
1201000000.0,1500000000.0,1,1097,0,0.704772622462,0,0,0,0,0.787177076185,0,0,0,0,0,0,0,0,
1201000000.0,1500000000.0,1,1098,0,0.049850662361,0,0,0,0,0.673359661889,0,0,0,0,0,0,0,0,
1201000000.0,1500000000.0,1,1099,0,0.413487593705,0,0,0,0,0.613557178643,0,0,0,0,0,0,0,0,
1501000000.0,1800000000.0,1,1000,0,0.836651625012,0,0,0,0,0.427627731043,0,0,0,0,0,0,0,0,
1501000000.0,1800000000.0,1,1001,0,0.254658437629,0,0,0,0,0.40692116175,0,0,0,0,0,0,0,0,
1501000000.0,1800000000.0,1,1002,0,0.885299880841,0,0,0,0,0.739320933642,0,0,0,0,0,0,0,0,
1501000000.0,1800000000.0,1,1003,0,0.823117504322,0,0,0,0,0.924415936381,0,0,0,0,0,0,0,0,
1501000000.0,1800000000.0,1,1004,0,0.985967646118,0,0,0,0,0.676186728628,0,0,0,0,0,0,0,0,
1501000000.0,1800000000.0,1,1005,0,0.2142411342,0,0,0,0,0.0726145961315,0,0,0,0,0,0,0,0,
1501000000.0,1800000000.0,1,1006,0,0.189289097234,0,0,0,0,0.720434600552,0,0,0,0,0,0,0,0,
1501000000.0,1800000000.0,1,1007,0,0.318102110096,0,0,0,0,0.953391696991,0,0,0,0,0,0,0,0,
1501000000.0,1800000000.0,1,1008,0,0.932115709683,0,0,0,0,0.238030531484,0,0,0,0,0,0,0,0,
1501000000.0,1800000000.0,1,1009,0,0.177413786852,0,0,0,0,0.75811383158,0,0,0,0,0,0,0,0,
1501000000.0,1800000000.0,1,1010,0,0.507618136382,0,0,0,0,0.570758499913,0,0,0,0,0,0,0,0,
1501000000.0,1800000000.0,1,1011,0,0.0165992225271,0,0,0,0,0.192179356495,0,0,0,0,0,0,0,0,
1501000000.0,1800000000.0,1,1012,0,0.0327198431618,0,0,0,0,0.148253525164,0,0,0,0,0,0,0,0,
1501000000.0,1800000000.0,1,1013,0,0.695142200596,0,0,0,0,0.706710687096,0,0,0,0,0,0,0,0,
1501000000.0,1800000000.0,1,1014,0,0.579709574662,0,0,0,0,0.199191555285,0,0,0,0,0,0,0,0,
1501000000.0,1800000000.0,1,1015,0,0.290064014037,0,0,0,0,0.497440315718,0,0,0,0,0,0,0,0,
1501000000.0,1800000000.0,1,1016,0,0.181309761365,0,0,0,0,0.589822291643,0,0,0,0,0,0,0,0,
1501000000.0,1800000000.0,1,1017,0,0.36707967018,0,0,0,0,0.520235518487,0,0,0,0,0,0,0,0,
1501000000.0,1800000000.0,1,1018,0,0.828431845427,0,0,0,0,0.281956555908,0,0,0,0,0,0,0,0,
1501000000.0,1800000000.0,1,1019,0,0.67314463891,0,0,0,0,0.653145099266,0,0,0,0,0,0,0,0,
1501000000.0,1800000000.0,1,1020,0,0.46408632625,0,0,0,0,0.296298313215,0,0,0,0,0,0,0,0,
1501000000.0,1800000000.0,1,1021,0,0.0574930470562,0,0,0,0,0.448022166791,0,0,0,0,0,0,0,0,
1501000000.0,1800000000.0,1,1022,0,0.469599274818,0,0,0,0,0.268932531646,0,0,0,0,0,0,0,0,
1501000000.0,1800000000.0,1,1023,0,0.558587756532,0,0,0,0,0.553968222755,0,0,0,0,0,0,0,0,
1501000000.0,1800000000.0,1,1024,0,0.164155248454,0,0,0,0,0.386038731977,0,0,0,0,0,0,0,0,
1501000000.0,1800000000.0,1,1025,0,0.666187395762,0,0,0,0,0.270741932209,0,0,0,0,0,0,0,0,
1501000000.0,1800000000.0,1,1026,0,0.320955947436,0,0,0,0,0.428885172819,0,0,0,0,0,0,0,0,
1501000000.0,1800000000.0,1,1027,0,0.639071402514,0,0,0,0,0.989587088991,0,0,0,0,0,0,0,0,
1501000000.0,1800000000.0,1,1028,0,0.967541843351,0,0,0,0,0.560939416394,0,0,0,0,0,0,0,0,
1501000000.0,1800000000.0,1,1029,0,0.420346834931,0,0,0,0,0.576487676025,0,0,0,0,0,0,0,0,
1501000000.0,1800000000.0,1,1030,0,0.103979089734,0,0,0,0,0.256674023652,0,0,0,0,0,0,0,0,
1501000000.0,1800000000.0,1,1031,0,0.143832041581,0,0,0,0,0.167269703578,0,0,0,0,0,0,0,0,
1501000000.0,1800000000.0,1,1032,0,0.489921585365,0,0,0,0,0.0917535898137,0,0,0,0,0,0,0,0,
1501000000.0,1800000000.0,1,1033,0,0.537372515849,0,0,0,0,0.752994659599,0,0,0,0,0,0,0,0,
1501000000.0,1800000000.0,1,1034,0,0.10570006134,0,0,0,0,0.103767923117,0,0,0,0,0,0,0,0,
1501000000.0,1800000000.0,1,1035,0,0.468548317648,0,0,0,0,0.554191503549,0,0,0,0,0,0,0,0,
1501000000.0,1800000000.0,1,1036,0,0.755713285825,0,0,0,0,0.713449305448,0,0,0,0,0,0,0,0,
1501000000.0,1800000000.0,1,1037,0,0.188184499091,0,0,0,0,0.133467284904,0,0,0,0,0,0,0,0,
1501000000.0,1800000000.0,1,1038,0,0.0524296600158,0,0,0,0,0.229179706355,0,0,0,0,0,0,0,0,
1501000000.0,1800000000.0,1,1039,0,0.0442988111388,0,0,0,0,0.485388453776,0,0,0,0,0,0,0,0,
1501000000.0,1800000000.0,1,1040,0,0.395044116224,0,0,0,0,0.555595861478,0,0,0,0,0,0,0,0,
1501000000.0,1800000000.0,1,1041,0,0.840792462044,0,0,0,0,0.512458123383,0,0,0,0,0,0,0,0,
1501000000.0,1800000000.0,1,1042,0,0.828590298564,0,0,0,0,0.933198019523,0,0,0,0,0,0,0,0,
1501000000.0,1800000000.0,1,1043,0,0.81031499079,0,0,0,0,0.33716377414,0,0,0,0,0,0,0,0,
1501000000.0,1800000000.0,1,1044,0,0.906917699446,0,0,0,0,0.24230739617,0,0,0,0,0,0,0,0,
1501000000.0,1800000000.0,1,1045,0,0.268924642801,0,0,0,0,0.231178138941,0,0,0,0,0,0,0,0,
1501000000.0,1800000000.0,1,1046,0,0.300790157261,0,0,0,0,0.913472059065,0,0,0,0,0,0,0,0,
1501000000.0,1800000000.0,1,1047,0,0.837845935472,0,0,0,0,0.710622703563,0,0,0,0,0,0,0,0,
1501000000.0,1800000000.0,1,1048,0,0.617938322992,0,0,0,0,0.157912590862,0,0,0,0,0,0,0,0,
1501000000.0,1800000000.0,1,1049,0,0.773153659204,0,0,0,0,0.479827299107,0,0,0,0,0,0,0,0,
1501000000.0,1800000000.0,1,1050,0,0.702249992769,0,0,0,0,0.942430913985,0,0,0,0,0,0,0,0,
1501000000.0,1800000000.0,1,1051,0,0.486975764155,0,0,0,0,0.524868117812,0,0,0,0,0,0,0,0,
1501000000.0,1800000000.0,1,1052,0,0.458268267873,0,0,0,0,0.645181810535,0,0,0,0,0,0,0,0,
1501000000.0,1800000000.0,1,1053,0,0.064102752245,0,0,0,0,0.379850380593,0,0,0,0,0,0,0,0,
1501000000.0,1800000000.0,1,1054,0,0.0313760606405,0,0,0,0,0.0141745158946,0,0,0,0,0,0,0,0,
1501000000.0,1800000000.0,1,1055,0,0.31538581583,0,0,0,0,0.845593042813,0,0,0,0,0,0,0,0,
1501000000.0,1800000000.0,1,1056,0,0.970696757995,0,0,0,0,0.517325710711,0,0,0,0,0,0,0,0,
1501000000.0,1800000000.0,1,1057,0,0.647365312492,0,0,0,0,0.175030994913,0,0,0,0,0,0,0,0,
1501000000.0,1800000000.0,1,1058,0,0.00658092115927,0,0,0,0,0.284359472045,0,0,0,0,0,0,0,0,
1501000000.0,1800000000.0,1,1059,0,0.202138492599,0,0,0,0,0.153119913968,0,0,0,0,0,0,0,0,
1501000000.0,1800000000.0,1,1060,0,0.201406962585,0,0,0,0,0.896239048844,0,0,0,0,0,0,0,0,
1501000000.0,1800000000.0,1,1061,0,0.472037127074,0,0,0,0,0.13421415609,0,0,0,0,0,0,0,0,
1501000000.0,1800000000.0,1,1062,0,0.467093761111,0,0,0,0,0.817645899957,0,0,0,0,0,0,0,0,
1501000000.0,1800000000.0,1,1063,0,0.704935042602,0,0,0,0,0.454734441072,0,0,0,0,0,0,0,0,
1501000000.0,1800000000.0,1,1064,0,0.0322489929519,0,0,0,0,0.790103570141,0,0,0,0,0,0,0,0,
1501000000.0,1800000000.0,1,1065,0,0.365673395296,0,0,0,0,0.357556315754,0,0,0,0,0,0,0,0,
1501000000.0,1800000000.0,1,1066,0,0.0905719491765,0,0,0,0,0.341244330649,0,0,0,0,0,0,0,0,
1501000000.0,1800000000.0,1,1067,0,0.942040877459,0,0,0,0,0.57785635362,0,0,0,0,0,0,0,0,
1501000000.0,1800000000.0,1,1068,0,0.0360409671582,0,0,0,0,0.744083771533,0,0,0,0,0,0,0,0,
1501000000.0,1800000000.0,1,1069,0,0.0200141235344,0,0,0,0,0.114458659141,0,0,0,0,0,0,0,0,
1501000000.0,1800000000.0,1,1070,0,0.249104192338,0,0,0,0,0.649926059997,0,0,0,0,0,0,0,0,
1501000000.0,1800000000.0,1,1071,0,0.0139364368525,0,0,0,0,0.760588793754,0,0,0,0,0,0,0,0,
1501000000.0,1800000000.0,1,1072,0,0.697910635021,0,0,0,0,0.887992030409,0,0,0,0,0,0,0,0,
1501000000.0,1800000000.0,1,1073,0,0.882063124631,0,0,0,0,0.369673239253,0,0,0,0,0,0,0,0,
1501000000.0,1800000000.0,1,1074,0,0.255374386316,0,0,0,0,0.479167221575,0,0,0,0,0,0,0,0,
1501000000.0,1800000000.0,1,1075,0,0.636979918196,0,0,0,0,0.414092712016,0,0,0,0,0,0,0,0,
1501000000.0,1800000000.0,1,1076,0,0.776583668525,0,0,0,0,0.113963478366,0,0,0,0,0,0,0,0,
1501000000.0,1800000000.0,1,1077,0,0.341217936687,0,0,0,0,0.815714071529,0,0,0,0,0,0,0,0,
1501000000.0,1800000000.0,1,1078,0,0.99400072148,0,0,0,0,0.2561143724,0,0,0,0,0,0,0,0,
1501000000.0,1800000000.0,1,1079,0,0.111576786358,0,0,0,0,0.906258116744,0,0,0,0,0,0,0,0,
1501000000.0,1800000000.0,1,1080,0,0.257992399017,0,0,0,0,0.706308859455,0,0,0,0,0,0,0,0,
1501000000.0,1800000000.0,1,1081,0,0.340811252612,0,0,0,0,0.0100342440428,0,0,0,0,0,0,0,0,
1501000000.0,1800000000.0,1,1082,0,0.90573623317,0,0,0,0,0.866832995479,0,0,0,0,0,0,0,0,
1501000000.0,1800000000.0,1,1083,0,0.923198112614,0,0,0,0,0.876695919458,0,0,0,0,0,0,0,0,
1501000000.0,1800000000.0,1,1084,0,0.0430395231655,0,0,0,0,0.182950214689,0,0,0,0,0,0,0,0,
1501000000.0,1800000000.0,1,1085,0,0.100664206798,0,0,0,0,0.235806045683,0,0,0,0,0,0,0,0,
1501000000.0,1800000000.0,1,1086,0,0.273706079812,0,0,0,0,0.967641895321,0,0,0,0,0,0,0,0,
1501000000.0,1800000000.0,1,1087,0,0.833212721623,0,0,0,0,0.308142788116,0,0,0,0,0,0,0,0,
1501000000.0,1800000000.0,1,1088,0,0.403303920028,0,0,0,0,0.995495094087,0,0,0,0,0,0,0,0,
1501000000.0,1800000000.0,1,1089,0,0.357007975457,0,0,0,0,0.838130201315,0,0,0,0,0,0,0,0,
1501000000.0,1800000000.0,1,1090,0,0.381237026847,0,0,0,0,0.219071418376,0,0,0,0,0,0,0,0,
1501000000.0,1800000000.0,1,1091,0,0.400937711901,0,0,0,0,0.488560832254,0,0,0,0,0,0,0,0,
1501000000.0,1800000000.0,1,1092,0,0.96781802135,0,0,0,0,0.824316709053,0,0,0,0,0,0,0,0,
1501000000.0,1800000000.0,1,1093,0,0.02065895269,0,0,0,0,0.422246066831,0,0,0,0,0,0,0,0,
1501000000.0,1800000000.0,1,1094,0,0.920752281413,0,0,0,0,0.727424843864,0,0,0,0,0,0,0,0,
1501000000.0,1800000000.0,1,1095,0,0.905256843796,0,0,0,0,0.40928141776,0,0,0,0,0,0,0,0,
1501000000.0,1800000000.0,1,1096,0,0.0620526794574,0,0,0,0,0.123814735793,0,0,0,0,0,0,0,0,
1501000000.0,1800000000.0,1,1097,0,0.668648126643,0,0,0,0,0.414099564942,0,0,0,0,0,0,0,0,
1501000000.0,1800000000.0,1,1098,0,0.83999613033,0,0,0,0,0.360002572716,0,0,0,0,0,0,0,0,
1501000000.0,1800000000.0,1,1099,0,0.511175317762,0,0,0,0,0.159357070228,0,0,0,0,0,0,0,0,
1801000000.0,2100000000.0,1,1000,0,0.15868606194,0,0,0,0,0.736886721309,0,0,0,0,0,0,0,0,
1801000000.0,2100000000.0,1,1001,0,0.656444679596,0,0,0,0,0.373435898619,0,0,0,0,0,0,0,0,
1801000000.0,2100000000.0,1,1002,0,0.263085739077,0,0,0,0,0.423993960051,0,0,0,0,0,0,0,0,
1801000000.0,2100000000.0,1,1003,0,0.85004530525,0,0,0,0,0.238700101872,0,0,0,0,0,0,0,0,
1801000000.0,2100000000.0,1,1004,0,0.980680735587,0,0,0,0,0.343345736303,0,0,0,0,0,0,0,0,
1801000000.0,2100000000.0,1,1005,0,0.215038867577,0,0,0,0,0.21914951691,0,0,0,0,0,0,0,0,
1801000000.0,2100000000.0,1,1006,0,0.217995093244,0,0,0,0,0.00858119148739,0,0,0,0,0,0,0,0,
1801000000.0,2100000000.0,1,1007,0,0.950128197881,0,0,0,0,0.138139732497,0,0,0,0,0,0,0,0,
1801000000.0,2100000000.0,1,1008,0,0.835296529333,0,0,0,0,0.834400531074,0,0,0,0,0,0,0,0,
1801000000.0,2100000000.0,1,1009,0,0.323675473724,0,0,0,0,0.942482924903,0,0,0,0,0,0,0,0,
1801000000.0,2100000000.0,1,1010,0,0.670112011888,0,0,0,0,0.663863056519,0,0,0,0,0,0,0,0,
1801000000.0,2100000000.0,1,1011,0,0.58490293871,0,0,0,0,0.495938475874,0,0,0,0,0,0,0,0,
1801000000.0,2100000000.0,1,1012,0,0.483108703189,0,0,0,0,0.0546843569073,0,0,0,0,0,0,0,0,
1801000000.0,2100000000.0,1,1013,0,0.415831032144,0,0,0,0,0.457811702026,0,0,0,0,0,0,0,0,
1801000000.0,2100000000.0,1,1014,0,0.476997844355,0,0,0,0,0.354898360673,0,0,0,0,0,0,0,0,
1801000000.0,2100000000.0,1,1015,0,0.708515296447,0,0,0,0,0.572531602407,0,0,0,0,0,0,0,0,
1801000000.0,2100000000.0,1,1016,0,0.838812113738,0,0,0,0,0.158694994558,0,0,0,0,0,0,0,0,
1801000000.0,2100000000.0,1,1017,0,0.376321962888,0,0,0,0,0.867116885166,0,0,0,0,0,0,0,0,
1801000000.0,2100000000.0,1,1018,0,0.959568649659,0,0,0,0,0.65757555899,0,0,0,0,0,0,0,0,
1801000000.0,2100000000.0,1,1019,0,0.87404476519,0,0,0,0,0.581030990467,0,0,0,0,0,0,0,0,
1801000000.0,2100000000.0,1,1020,0,0.268334302004,0,0,0,0,0.561623084794,0,0,0,0,0,0,0,0,
1801000000.0,2100000000.0,1,1021,0,0.352832019385,0,0,0,0,0.34670364046,0,0,0,0,0,0,0,0,
1801000000.0,2100000000.0,1,1022,0,0.083259622006,0,0,0,0,0.127869728422,0,0,0,0,0,0,0,0,
1801000000.0,2100000000.0,1,1023,0,0.323726962432,0,0,0,0,0.127474493688,0,0,0,0,0,0,0,0,
1801000000.0,2100000000.0,1,1024,0,0.639991094221,0,0,0,0,0.405379052266,0,0,0,0,0,0,0,0,
1801000000.0,2100000000.0,1,1025,0,0.400182864501,0,0,0,0,0.653143929552,0,0,0,0,0,0,0,0,
1801000000.0,2100000000.0,1,1026,0,0.468904470793,0,0,0,0,0.973121022897,0,0,0,0,0,0,0,0,
1801000000.0,2100000000.0,1,1027,0,0.576904920445,0,0,0,0,0.777854649766,0,0,0,0,0,0,0,0,
1801000000.0,2100000000.0,1,1028,0,0.898171752703,0,0,0,0,0.773233373246,0,0,0,0,0,0,0,0,
1801000000.0,2100000000.0,1,1029,0,0.601832061344,0,0,0,0,0.0921127255836,0,0,0,0,0,0,0,0,
1801000000.0,2100000000.0,1,1030,0,0.208782417211,0,0,0,0,0.219160339448,0,0,0,0,0,0,0,0,
1801000000.0,2100000000.0,1,1031,0,0.69717111873,0,0,0,0,0.127013715609,0,0,0,0,0,0,0,0,
1801000000.0,2100000000.0,1,1032,0,0.472825938429,0,0,0,0,0.201540745268,0,0,0,0,0,0,0,0,
1801000000.0,2100000000.0,1,1033,0,0.96778460551,0,0,0,0,0.322239204076,0,0,0,0,0,0,0,0,
1801000000.0,2100000000.0,1,1034,0,0.437295458555,0,0,0,0,0.00914288780452,0,0,0,0,0,0,0,0,
1801000000.0,2100000000.0,1,1035,0,0.721187082278,0,0,0,0,0.420539163468,0,0,0,0,0,0,0,0,
1801000000.0,2100000000.0,1,1036,0,0.679470669867,0,0,0,0,0.926167880477,0,0,0,0,0,0,0,0,
1801000000.0,2100000000.0,1,1037,0,0.416637841046,0,0,0,0,0.415255376217,0,0,0,0,0,0,0,0,
1801000000.0,2100000000.0,1,1038,0,0.324841737658,0,0,0,0,0.16346147857,0,0,0,0,0,0,0,0,
1801000000.0,2100000000.0,1,1039,0,0.757909379253,0,0,0,0,0.475072469589,0,0,0,0,0,0,0,0,
1801000000.0,2100000000.0,1,1040,0,0.665052968002,0,0,0,0,0.354812874805,0,0,0,0,0,0,0,0,
1801000000.0,2100000000.0,1,1041,0,0.868579941182,0,0,0,0,0.803469665024,0,0,0,0,0,0,0,0,
1801000000.0,2100000000.0,1,1042,0,0.777669773947,0,0,0,0,0.790489173397,0,0,0,0,0,0,0,0,
1801000000.0,2100000000.0,1,1043,0,0.982234017484,0,0,0,0,0.774411916112,0,0,0,0,0,0,0,0,
1801000000.0,2100000000.0,1,1044,0,0.519889873899,0,0,0,0,0.775948708469,0,0,0,0,0,0,0,0,
1801000000.0,2100000000.0,1,1045,0,0.907039970867,0,0,0,0,0.636541351527,0,0,0,0,0,0,0,0,
1801000000.0,2100000000.0,1,1046,0,0.580437746779,0,0,0,0,0.687072541157,0,0,0,0,0,0,0,0,
1801000000.0,2100000000.0,1,1047,0,0.584566081942,0,0,0,0,0.259655434509,0,0,0,0,0,0,0,0,
1801000000.0,2100000000.0,1,1048,0,0.88202876297,0,0,0,0,0.53812242377,0,0,0,0,0,0,0,0,
1801000000.0,2100000000.0,1,1049,0,0.611654524809,0,0,0,0,0.80886393756,0,0,0,0,0,0,0,0,
1801000000.0,2100000000.0,1,1050,0,0.398194396127,0,0,0,0,0.676849795295,0,0,0,0,0,0,0,0,
1801000000.0,2100000000.0,1,1051,0,0.375610256726,0,0,0,0,0.860624628684,0,0,0,0,0,0,0,0,
1801000000.0,2100000000.0,1,1052,0,0.0579331016067,0,0,0,0,0.881680308779,0,0,0,0,0,0,0,0,
1801000000.0,2100000000.0,1,1053,0,0.902774774698,0,0,0,0,0.15513910197,0,0,0,0,0,0,0,0,
1801000000.0,2100000000.0,1,1054,0,0.666062858835,0,0,0,0,0.652836220501,0,0,0,0,0,0,0,0,
1801000000.0,2100000000.0,1,1055,0,0.954642656314,0,0,0,0,0.789675078509,0,0,0,0,0,0,0,0,
1801000000.0,2100000000.0,1,1056,0,0.232830666206,0,0,0,0,0.627325558035,0,0,0,0,0,0,0,0,
1801000000.0,2100000000.0,1,1057,0,0.326739515492,0,0,0,0,0.0767103270962,0,0,0,0,0,0,0,0,
1801000000.0,2100000000.0,1,1058,0,0.0891309855454,0,0,0,0,0.663086806478,0,0,0,0,0,0,0,0,
1801000000.0,2100000000.0,1,1059,0,0.274984095567,0,0,0,0,0.209091637312,0,0,0,0,0,0,0,0,
1801000000.0,2100000000.0,1,1060,0,0.194947124912,0,0,0,0,0.244256738713,0,0,0,0,0,0,0,0,
1801000000.0,2100000000.0,1,1061,0,0.622097667265,0,0,0,0,0.364757795378,0,0,0,0,0,0,0,0,
1801000000.0,2100000000.0,1,1062,0,0.929108152103,0,0,0,0,0.821761284286,0,0,0,0,0,0,0,0,
1801000000.0,2100000000.0,1,1063,0,0.170323617753,0,0,0,0,0.109864580676,0,0,0,0,0,0,0,0,
1801000000.0,2100000000.0,1,1064,0,0.849531937511,0,0,0,0,0.184210758192,0,0,0,0,0,0,0,0,
1801000000.0,2100000000.0,1,1065,0,0.547521065365,0,0,0,0,0.537378627454,0,0,0,0,0,0,0,0,
1801000000.0,2100000000.0,1,1066,0,0.940989408812,0,0,0,0,0.115212679211,0,0,0,0,0,0,0,0,
1801000000.0,2100000000.0,1,1067,0,0.361659567066,0,0,0,0,0.391220971269,0,0,0,0,0,0,0,0,
1801000000.0,2100000000.0,1,1068,0,0.0258009760581,0,0,0,0,0.220025287921,0,0,0,0,0,0,0,0,
1801000000.0,2100000000.0,1,1069,0,0.752313552774,0,0,0,0,0.402508073808,0,0,0,0,0,0,0,0,
1801000000.0,2100000000.0,1,1070,0,0.9291219066,0,0,0,0,0.954175278392,0,0,0,0,0,0,0,0,
1801000000.0,2100000000.0,1,1071,0,0.782050337305,0,0,0,0,0.411874396345,0,0,0,0,0,0,0,0,
1801000000.0,2100000000.0,1,1072,0,0.415726706061,0,0,0,0,0.866735854996,0,0,0,0,0,0,0,0,
1801000000.0,2100000000.0,1,1073,0,0.987888835067,0,0,0,0,0.886975972877,0,0,0,0,0,0,0,0,
1801000000.0,2100000000.0,1,1074,0,0.772099892934,0,0,0,0,0.0354730453636,0,0,0,0,0,0,0,0,
1801000000.0,2100000000.0,1,1075,0,0.318848701393,0,0,0,0,0.551915362693,0,0,0,0,0,0,0,0,
1801000000.0,2100000000.0,1,1076,0,0.498899364219,0,0,0,0,0.100983368557,0,0,0,0,0,0,0,0,
1801000000.0,2100000000.0,1,1077,0,0.27081433527,0,0,0,0,0.493357320422,0,0,0,0,0,0,0,0,
1801000000.0,2100000000.0,1,1078,0,0.252765839818,0,0,0,0,0.431917127823,0,0,0,0,0,0,0,0,
1801000000.0,2100000000.0,1,1079,0,0.150530899592,0,0,0,0,0.725169820184,0,0,0,0,0,0,0,0,
1801000000.0,2100000000.0,1,1080,0,0.129915056093,0,0,0,0,0.0166746190392,0,0,0,0,0,0,0,0,
1801000000.0,2100000000.0,1,1081,0,0.357833710733,0,0,0,0,0.194887511399,0,0,0,0,0,0,0,0,
1801000000.0,2100000000.0,1,1082,0,0.754443276028,0,0,0,0,0.893871126116,0,0,0,0,0,0,0,0,
1801000000.0,2100000000.0,1,1083,0,0.0599520073906,0,0,0,0,0.215242335731,0,0,0,0,0,0,0,0,
1801000000.0,2100000000.0,1,1084,0,0.380814002663,0,0,0,0,0.822085455529,0,0,0,0,0,0,0,0,
1801000000.0,2100000000.0,1,1085,0,0.49878181966,0,0,0,0,0.0275031076909,0,0,0,0,0,0,0,0,
1801000000.0,2100000000.0,1,1086,0,0.878337162241,0,0,0,0,0.640768641397,0,0,0,0,0,0,0,0,
1801000000.0,2100000000.0,1,1087,0,0.634415744838,0,0,0,0,0.950920742148,0,0,0,0,0,0,0,0,
1801000000.0,2100000000.0,1,1088,0,0.146702129029,0,0,0,0,0.169981468978,0,0,0,0,0,0,0,0,
1801000000.0,2100000000.0,1,1089,0,0.293123853574,0,0,0,0,0.8374665525,0,0,0,0,0,0,0,0,
1801000000.0,2100000000.0,1,1090,0,0.429992724851,0,0,0,0,0.872544513034,0,0,0,0,0,0,0,0,
1801000000.0,2100000000.0,1,1091,0,0.25792609514,0,0,0,0,0.824124137215,0,0,0,0,0,0,0,0,
1801000000.0,2100000000.0,1,1092,0,0.182796203189,0,0,0,0,0.496646425687,0,0,0,0,0,0,0,0,
1801000000.0,2100000000.0,1,1093,0,0.407403157023,0,0,0,0,0.342388481684,0,0,0,0,0,0,0,0,
1801000000.0,2100000000.0,1,1094,0,0.669234947891,0,0,0,0,0.0336263684149,0,0,0,0,0,0,0,0,
1801000000.0,2100000000.0,1,1095,0,0.833461587356,0,0,0,0,0.0341878471431,0,0,0,0,0,0,0,0,
1801000000.0,2100000000.0,1,1096,0,0.327623443849,0,0,0,0,0.849976118051,0,0,0,0,0,0,0,0,
1801000000.0,2100000000.0,1,1097,0,0.51544854246,0,0,0,0,0.150028708867,0,0,0,0,0,0,0,0,
1801000000.0,2100000000.0,1,1098,0,0.196325190511,0,0,0,0,0.0690352868138,0,0,0,0,0,0,0,0,
1801000000.0,2100000000.0,1,1099,0,0.318359222373,0,0,0,0,0.498924789457,0,0,0,0,0,0,0,0,
2101000000.0,2400000000.0,1,1000,0,0.913189103428,0,0,0,0,0.333988498826,0,0,0,0,0,0,0,0,
2101000000.0,2400000000.0,1,1001,0,0.829630636206,0,0,0,0,0.804261196661,0,0,0,0,0,0,0,0,
2101000000.0,2400000000.0,1,1002,0,0.943174912197,0,0,0,0,0.348695578594,0,0,0,0,0,0,0,0,
2101000000.0,2400000000.0,1,1003,0,0.199521726019,0,0,0,0,0.711211331231,0,0,0,0,0,0,0,0,
2101000000.0,2400000000.0,1,1004,0,0.392450128954,0,0,0,0,0.633563421079,0,0,0,0,0,0,0,0,
2101000000.0,2400000000.0,1,1005,0,0.557437840201,0,0,0,0,0.151765045137,0,0,0,0,0,0,0,0,
2101000000.0,2400000000.0,1,1006,0,0.450872875517,0,0,0,0,0.592184360417,0,0,0,0,0,0,0,0,
2101000000.0,2400000000.0,1,1007,0,0.683168273907,0,0,0,0,0.734667615424,0,0,0,0,0,0,0,0,
2101000000.0,2400000000.0,1,1008,0,0.765507744911,0,0,0,0,0.682469001776,0,0,0,0,0,0,0,0,
2101000000.0,2400000000.0,1,1009,0,0.497813561471,0,0,0,0,0.0894118766128,0,0,0,0,0,0,0,0,
2101000000.0,2400000000.0,1,1010,0,0.155288457794,0,0,0,0,0.32648227376,0,0,0,0,0,0,0,0,
2101000000.0,2400000000.0,1,1011,0,0.474310637638,0,0,0,0,0.981829382718,0,0,0,0,0,0,0,0,
2101000000.0,2400000000.0,1,1012,0,0.260670227641,0,0,0,0,0.759094439186,0,0,0,0,0,0,0,0,
2101000000.0,2400000000.0,1,1013,0,0.399182485749,0,0,0,0,0.435526264653,0,0,0,0,0,0,0,0,
2101000000.0,2400000000.0,1,1014,0,0.886582776802,0,0,0,0,0.202327669495,0,0,0,0,0,0,0,0,
2101000000.0,2400000000.0,1,1015,0,0.801255853233,0,0,0,0,0.454965420864,0,0,0,0,0,0,0,0,
2101000000.0,2400000000.0,1,1016,0,0.987510307943,0,0,0,0,0.948434754322,0,0,0,0,0,0,0,0,
2101000000.0,2400000000.0,1,1017,0,0.299180567171,0,0,0,0,0.515434776513,0,0,0,0,0,0,0,0,
2101000000.0,2400000000.0,1,1018,0,0.435459372142,0,0,0,0,0.898727526141,0,0,0,0,0,0,0,0,
2101000000.0,2400000000.0,1,1019,0,0.78821817018,0,0,0,0,0.244535554736,0,0,0,0,0,0,0,0,
2101000000.0,2400000000.0,1,1020,0,0.221829895241,0,0,0,0,0.510023109458,0,0,0,0,0,0,0,0,
2101000000.0,2400000000.0,1,1021,0,0.468345841488,0,0,0,0,0.797364599534,0,0,0,0,0,0,0,0,
2101000000.0,2400000000.0,1,1022,0,0.427834057324,0,0,0,0,0.0538011573305,0,0,0,0,0,0,0,0,
2101000000.0,2400000000.0,1,1023,0,0.784430151334,0,0,0,0,0.996576749396,0,0,0,0,0,0,0,0,
2101000000.0,2400000000.0,1,1024,0,0.208951065532,0,0,0,0,0.743385348788,0,0,0,0,0,0,0,0,
2101000000.0,2400000000.0,1,1025,0,0.363392805981,0,0,0,0,0.603796551141,0,0,0,0,0,0,0,0,
2101000000.0,2400000000.0,1,1026,0,0.64761680457,0,0,0,0,0.931623448001,0,0,0,0,0,0,0,0,
2101000000.0,2400000000.0,1,1027,0,0.392569956415,0,0,0,0,0.00414461600476,0,0,0,0,0,0,0,0,
2101000000.0,2400000000.0,1,1028,0,0.405587941281,0,0,0,0,0.782049248893,0,0,0,0,0,0,0,0,
2101000000.0,2400000000.0,1,1029,0,0.378551635172,0,0,0,0,0.892884454275,0,0,0,0,0,0,0,0,
2101000000.0,2400000000.0,1,1030,0,0.973776241771,0,0,0,0,0.81090942813,0,0,0,0,0,0,0,0,
2101000000.0,2400000000.0,1,1031,0,0.200196479066,0,0,0,0,0.0599547265533,0,0,0,0,0,0,0,0,
2101000000.0,2400000000.0,1,1032,0,0.491009797066,0,0,0,0,0.470409392445,0,0,0,0,0,0,0,0,
2101000000.0,2400000000.0,1,1033,0,0.611432578371,0,0,0,0,0.934390702076,0,0,0,0,0,0,0,0,
2101000000.0,2400000000.0,1,1034,0,0.923526494674,0,0,0,0,0.798985358134,0,0,0,0,0,0,0,0,
2101000000.0,2400000000.0,1,1035,0,0.0324692229908,0,0,0,0,0.873102191647,0,0,0,0,0,0,0,0,
2101000000.0,2400000000.0,1,1036,0,0.522458092105,0,0,0,0,0.941696732668,0,0,0,0,0,0,0,0,
2101000000.0,2400000000.0,1,1037,0,0.594060670525,0,0,0,0,0.959351920283,0,0,0,0,0,0,0,0,
2101000000.0,2400000000.0,1,1038,0,0.275150634813,0,0,0,0,0.320984715797,0,0,0,0,0,0,0,0,
2101000000.0,2400000000.0,1,1039,0,0.378780559747,0,0,0,0,0.4507176426,0,0,0,0,0,0,0,0,
2101000000.0,2400000000.0,1,1040,0,0.754938049385,0,0,0,0,0.660627388461,0,0,0,0,0,0,0,0,
2101000000.0,2400000000.0,1,1041,0,0.89297625024,0,0,0,0,0.876190445048,0,0,0,0,0,0,0,0,
2101000000.0,2400000000.0,1,1042,0,0.246998044051,0,0,0,0,0.621009957919,0,0,0,0,0,0,0,0,
2101000000.0,2400000000.0,1,1043,0,0.644139923245,0,0,0,0,0.432645813171,0,0,0,0,0,0,0,0,
2101000000.0,2400000000.0,1,1044,0,0.182679727276,0,0,0,0,0.653949088767,0,0,0,0,0,0,0,0,
2101000000.0,2400000000.0,1,1045,0,0.146155969036,0,0,0,0,0.88631303613,0,0,0,0,0,0,0,0,
2101000000.0,2400000000.0,1,1046,0,0.350248038037,0,0,0,0,0.43909265234,0,0,0,0,0,0,0,0,
2101000000.0,2400000000.0,1,1047,0,0.617690887752,0,0,0,0,0.658835638418,0,0,0,0,0,0,0,0,
2101000000.0,2400000000.0,1,1048,0,0.110564623992,0,0,0,0,0.849228881413,0,0,0,0,0,0,0,0,
2101000000.0,2400000000.0,1,1049,0,0.340769569793,0,0,0,0,0.554459427747,0,0,0,0,0,0,0,0,
2101000000.0,2400000000.0,1,1050,0,0.0475943414946,0,0,0,0,0.423587488075,0,0,0,0,0,0,0,0,
2101000000.0,2400000000.0,1,1051,0,0.796442422904,0,0,0,0,0.324637799812,0,0,0,0,0,0,0,0,
2101000000.0,2400000000.0,1,1052,0,0.383209506255,0,0,0,0,0.844923374492,0,0,0,0,0,0,0,0,
2101000000.0,2400000000.0,1,1053,0,0.815892013642,0,0,0,0,0.295847448211,0,0,0,0,0,0,0,0,
2101000000.0,2400000000.0,1,1054,0,0.541688572844,0,0,0,0,0.155175657634,0,0,0,0,0,0,0,0,
2101000000.0,2400000000.0,1,1055,0,0.835313885147,0,0,0,0,0.141681986119,0,0,0,0,0,0,0,0,
2101000000.0,2400000000.0,1,1056,0,0.0964642668809,0,0,0,0,0.614196806052,0,0,0,0,0,0,0,0,
2101000000.0,2400000000.0,1,1057,0,0.829582150786,0,0,0,0,0.12813751733,0,0,0,0,0,0,0,0,
2101000000.0,2400000000.0,1,1058,0,0.62309740126,0,0,0,0,0.167624949113,0,0,0,0,0,0,0,0,
2101000000.0,2400000000.0,1,1059,0,0.152342477196,0,0,0,0,0.721476475359,0,0,0,0,0,0,0,0,
2101000000.0,2400000000.0,1,1060,0,0.988051317744,0,0,0,0,0.617657796313,0,0,0,0,0,0,0,0,
2101000000.0,2400000000.0,1,1061,0,0.675652573353,0,0,0,0,0.559254090105,0,0,0,0,0,0,0,0,
2101000000.0,2400000000.0,1,1062,0,0.677561914435,0,0,0,0,0.433004739751,0,0,0,0,0,0,0,0,
2101000000.0,2400000000.0,1,1063,0,0.721293531543,0,0,0,0,0.43128518854,0,0,0,0,0,0,0,0,
2101000000.0,2400000000.0,1,1064,0,0.326726141339,0,0,0,0,0.408143934808,0,0,0,0,0,0,0,0,
2101000000.0,2400000000.0,1,1065,0,0.113594081697,0,0,0,0,0.540822881244,0,0,0,0,0,0,0,0,
2101000000.0,2400000000.0,1,1066,0,0.485157564671,0,0,0,0,0.162953979451,0,0,0,0,0,0,0,0,
2101000000.0,2400000000.0,1,1067,0,0.420991247631,0,0,0,0,0.615455320223,0,0,0,0,0,0,0,0,
2101000000.0,2400000000.0,1,1068,0,0.0586301815019,0,0,0,0,0.372286809189,0,0,0,0,0,0,0,0,
2101000000.0,2400000000.0,1,1069,0,0.240002100369,0,0,0,0,0.508588822153,0,0,0,0,0,0,0,0,
2101000000.0,2400000000.0,1,1070,0,0.487486373178,0,0,0,0,0.0542868647483,0,0,0,0,0,0,0,0,
2101000000.0,2400000000.0,1,1071,0,0.920316679072,0,0,0,0,0.671933051417,0,0,0,0,0,0,0,0,
2101000000.0,2400000000.0,1,1072,0,0.353525674521,0,0,0,0,0.503565229181,0,0,0,0,0,0,0,0,
2101000000.0,2400000000.0,1,1073,0,0.357053500306,0,0,0,0,0.723728151328,0,0,0,0,0,0,0,0,
2101000000.0,2400000000.0,1,1074,0,0.926367726044,0,0,0,0,0.739442108064,0,0,0,0,0,0,0,0,
2101000000.0,2400000000.0,1,1075,0,0.943393814621,0,0,0,0,0.0988741692502,0,0,0,0,0,0,0,0,
2101000000.0,2400000000.0,1,1076,0,0.0827451206357,0,0,0,0,0.978945063655,0,0,0,0,0,0,0,0,
2101000000.0,2400000000.0,1,1077,0,0.167281616563,0,0,0,0,0.466375925238,0,0,0,0,0,0,0,0,
2101000000.0,2400000000.0,1,1078,0,0.208364755741,0,0,0,0,0.822544733525,0,0,0,0,0,0,0,0,
2101000000.0,2400000000.0,1,1079,0,0.789280857487,0,0,0,0,0.635286889029,0,0,0,0,0,0,0,0,
2101000000.0,2400000000.0,1,1080,0,0.615876913008,0,0,0,0,0.630350914244,0,0,0,0,0,0,0,0,
2101000000.0,2400000000.0,1,1081,0,0.180324667223,0,0,0,0,0.15116524766,0,0,0,0,0,0,0,0,
2101000000.0,2400000000.0,1,1082,0,0.453990853951,0,0,0,0,0.168457585856,0,0,0,0,0,0,0,0,
2101000000.0,2400000000.0,1,1083,0,0.933414913402,0,0,0,0,0.6061647744,0,0,0,0,0,0,0,0,
2101000000.0,2400000000.0,1,1084,0,0.640556687717,0,0,0,0,0.420773965788,0,0,0,0,0,0,0,0,
2101000000.0,2400000000.0,1,1085,0,0.531994111143,0,0,0,0,0.430653226636,0,0,0,0,0,0,0,0,
2101000000.0,2400000000.0,1,1086,0,0.859025751566,0,0,0,0,0.984332980872,0,0,0,0,0,0,0,0,
2101000000.0,2400000000.0,1,1087,0,0.142967732152,0,0,0,0,0.274279151909,0,0,0,0,0,0,0,0,
2101000000.0,2400000000.0,1,1088,0,0.750222592996,0,0,0,0,0.792778799296,0,0,0,0,0,0,0,0,
2101000000.0,2400000000.0,1,1089,0,0.91181652492,0,0,0,0,0.606918681068,0,0,0,0,0,0,0,0,
2101000000.0,2400000000.0,1,1090,0,0.734873856531,0,0,0,0,0.858964088252,0,0,0,0,0,0,0,0,
2101000000.0,2400000000.0,1,1091,0,0.813010807804,0,0,0,0,0.79590242154,0,0,0,0,0,0,0,0,
2101000000.0,2400000000.0,1,1092,0,0.965364670801,0,0,0,0,0.910325772512,0,0,0,0,0,0,0,0,
2101000000.0,2400000000.0,1,1093,0,0.432676042715,0,0,0,0,0.94593403692,0,0,0,0,0,0,0,0,
2101000000.0,2400000000.0,1,1094,0,0.994544905163,0,0,0,0,0.0744143724172,0,0,0,0,0,0,0,0,
2101000000.0,2400000000.0,1,1095,0,0.539870082326,0,0,0,0,0.49199329271,0,0,0,0,0,0,0,0,
2101000000.0,2400000000.0,1,1096,0,0.238834424685,0,0,0,0,0.433397037945,0,0,0,0,0,0,0,0,
2101000000.0,2400000000.0,1,1097,0,0.727232027094,0,0,0,0,0.524770297986,0,0,0,0,0,0,0,0,
2101000000.0,2400000000.0,1,1098,0,0.685261969664,0,0,0,0,0.208964962607,0,0,0,0,0,0,0,0,
2101000000.0,2400000000.0,1,1099,0,0.395485303089,0,0,0,0,0.978214093759,0,0,0,0,0,0,0,0,
2401000000.0,2700000000.0,1,1000,0,0.87791013021,0,0,0,0,0.680345127762,0,0,0,0,0,0,0,0,
2401000000.0,2700000000.0,1,1001,0,0.0433428001002,0,0,0,0,0.15964649363,0,0,0,0,0,0,0,0,
2401000000.0,2700000000.0,1,1002,0,0.694507291346,0,0,0,0,0.8258727611,0,0,0,0,0,0,0,0,
2401000000.0,2700000000.0,1,1003,0,0.185543822702,0,0,0,0,0.877430336066,0,0,0,0,0,0,0,0,
2401000000.0,2700000000.0,1,1004,0,0.481252550119,0,0,0,0,0.801416981095,0,0,0,0,0,0,0,0,
2401000000.0,2700000000.0,1,1005,0,0.272752544749,0,0,0,0,0.635173395036,0,0,0,0,0,0,0,0,
2401000000.0,2700000000.0,1,1006,0,0.140247104401,0,0,0,0,0.28560094852,0,0,0,0,0,0,0,0,
2401000000.0,2700000000.0,1,1007,0,0.845648035828,0,0,0,0,0.123059076448,0,0,0,0,0,0,0,0,
2401000000.0,2700000000.0,1,1008,0,0.395865765766,0,0,0,0,0.0250159351403,0,0,0,0,0,0,0,0,
2401000000.0,2700000000.0,1,1009,0,0.784895069785,0,0,0,0,0.712807926094,0,0,0,0,0,0,0,0,
2401000000.0,2700000000.0,1,1010,0,0.541229597767,0,0,0,0,0.708564563306,0,0,0,0,0,0,0,0,
2401000000.0,2700000000.0,1,1011,0,0.61550753737,0,0,0,0,0.644730598128,0,0,0,0,0,0,0,0,
2401000000.0,2700000000.0,1,1012,0,0.134194244277,0,0,0,0,0.515935022828,0,0,0,0,0,0,0,0,
2401000000.0,2700000000.0,1,1013,0,0.4167096461,0,0,0,0,0.973008266247,0,0,0,0,0,0,0,0,
2401000000.0,2700000000.0,1,1014,0,0.429867762645,0,0,0,0,0.312403708883,0,0,0,0,0,0,0,0,
2401000000.0,2700000000.0,1,1015,0,0.477921279819,0,0,0,0,0.820380582565,0,0,0,0,0,0,0,0,
2401000000.0,2700000000.0,1,1016,0,0.00981003732111,0,0,0,0,0.41432778983,0,0,0,0,0,0,0,0,
2401000000.0,2700000000.0,1,1017,0,0.813724867301,0,0,0,0,0.653833661753,0,0,0,0,0,0,0,0,
2401000000.0,2700000000.0,1,1018,0,0.549689226868,0,0,0,0,0.296189812634,0,0,0,0,0,0,0,0,
2401000000.0,2700000000.0,1,1019,0,0.164006778765,0,0,0,0,0.055717451389,0,0,0,0,0,0,0,0,
2401000000.0,2700000000.0,1,1020,0,0.13346305741,0,0,0,0,0.990576567453,0,0,0,0,0,0,0,0,
2401000000.0,2700000000.0,1,1021,0,0.189043113558,0,0,0,0,0.796890785139,0,0,0,0,0,0,0,0,
2401000000.0,2700000000.0,1,1022,0,0.342376627259,0,0,0,0,0.205800064458,0,0,0,0,0,0,0,0,
2401000000.0,2700000000.0,1,1023,0,0.123585687463,0,0,0,0,0.817898941538,0,0,0,0,0,0,0,0,
2401000000.0,2700000000.0,1,1024,0,0.307948750063,0,0,0,0,0.287594553042,0,0,0,0,0,0,0,0,
2401000000.0,2700000000.0,1,1025,0,0.906819290618,0,0,0,0,0.639920616664,0,0,0,0,0,0,0,0,
2401000000.0,2700000000.0,1,1026,0,0.871476981724,0,0,0,0,0.0906245849552,0,0,0,0,0,0,0,0,
2401000000.0,2700000000.0,1,1027,0,0.857044226739,0,0,0,0,0.199708938858,0,0,0,0,0,0,0,0,
2401000000.0,2700000000.0,1,1028,0,0.258007185754,0,0,0,0,0.787990521769,0,0,0,0,0,0,0,0,
2401000000.0,2700000000.0,1,1029,0,0.901251748945,0,0,0,0,0.12128949081,0,0,0,0,0,0,0,0,
2401000000.0,2700000000.0,1,1030,0,0.256941281139,0,0,0,0,0.716296017288,0,0,0,0,0,0,0,0,
2401000000.0,2700000000.0,1,1031,0,0.506933241767,0,0,0,0,0.249527313312,0,0,0,0,0,0,0,0,
2401000000.0,2700000000.0,1,1032,0,0.959825206287,0,0,0,0,0.517041125211,0,0,0,0,0,0,0,0,
2401000000.0,2700000000.0,1,1033,0,0.376770830848,0,0,0,0,0.165945317505,0,0,0,0,0,0,0,0,
2401000000.0,2700000000.0,1,1034,0,0.237949787265,0,0,0,0,0.0913653072023,0,0,0,0,0,0,0,0,
2401000000.0,2700000000.0,1,1035,0,0.725108484447,0,0,0,0,0.687273477337,0,0,0,0,0,0,0,0,
2401000000.0,2700000000.0,1,1036,0,0.0496008020084,0,0,0,0,0.401676395164,0,0,0,0,0,0,0,0,
2401000000.0,2700000000.0,1,1037,0,0.688604867683,0,0,0,0,0.365234669133,0,0,0,0,0,0,0,0,
2401000000.0,2700000000.0,1,1038,0,0.153945414219,0,0,0,0,0.0240266201154,0,0,0,0,0,0,0,0,
2401000000.0,2700000000.0,1,1039,0,0.580357922933,0,0,0,0,0.274775746392,0,0,0,0,0,0,0,0,
2401000000.0,2700000000.0,1,1040,0,0.935998967715,0,0,0,0,0.967310745982,0,0,0,0,0,0,0,0,
2401000000.0,2700000000.0,1,1041,0,0.941071549617,0,0,0,0,0.400864203264,0,0,0,0,0,0,0,0,
2401000000.0,2700000000.0,1,1042,0,0.842994276173,0,0,0,0,0.445667983865,0,0,0,0,0,0,0,0,
2401000000.0,2700000000.0,1,1043,0,0.269255339553,0,0,0,0,0.706716447162,0,0,0,0,0,0,0,0,
2401000000.0,2700000000.0,1,1044,0,0.609257452731,0,0,0,0,0.043777670398,0,0,0,0,0,0,0,0,
2401000000.0,2700000000.0,1,1045,0,0.972932687828,0,0,0,0,0.729975230743,0,0,0,0,0,0,0,0,
2401000000.0,2700000000.0,1,1046,0,0.615374038546,0,0,0,0,0.839445430114,0,0,0,0,0,0,0,0,
2401000000.0,2700000000.0,1,1047,0,0.437501814156,0,0,0,0,0.637636434093,0,0,0,0,0,0,0,0,
2401000000.0,2700000000.0,1,1048,0,0.452148600001,0,0,0,0,0.336587026424,0,0,0,0,0,0,0,0,
2401000000.0,2700000000.0,1,1049,0,0.123884753373,0,0,0,0,0.222712563101,0,0,0,0,0,0,0,0,
2401000000.0,2700000000.0,1,1050,0,0.653532433468,0,0,0,0,0.558479773204,0,0,0,0,0,0,0,0,
2401000000.0,2700000000.0,1,1051,0,0.629601084457,0,0,0,0,0.506005857414,0,0,0,0,0,0,0,0,
2401000000.0,2700000000.0,1,1052,0,0.404822368415,0,0,0,0,0.0998276558606,0,0,0,0,0,0,0,0,
2401000000.0,2700000000.0,1,1053,0,0.789914561869,0,0,0,0,0.844021294031,0,0,0,0,0,0,0,0,
2401000000.0,2700000000.0,1,1054,0,0.881136821056,0,0,0,0,0.340592001955,0,0,0,0,0,0,0,0,
2401000000.0,2700000000.0,1,1055,0,0.717492727033,0,0,0,0,0.954011244256,0,0,0,0,0,0,0,0,
2401000000.0,2700000000.0,1,1056,0,0.231980549491,0,0,0,0,0.798195232017,0,0,0,0,0,0,0,0,
2401000000.0,2700000000.0,1,1057,0,0.93002803246,0,0,0,0,0.303751014938,0,0,0,0,0,0,0,0,
2401000000.0,2700000000.0,1,1058,0,0.150231028149,0,0,0,0,0.275995927035,0,0,0,0,0,0,0,0,
2401000000.0,2700000000.0,1,1059,0,0.0547493428803,0,0,0,0,0.342229077595,0,0,0,0,0,0,0,0,
2401000000.0,2700000000.0,1,1060,0,0.00129460032555,0,0,0,0,0.996294605904,0,0,0,0,0,0,0,0,
2401000000.0,2700000000.0,1,1061,0,0.164855791954,0,0,0,0,0.179462664782,0,0,0,0,0,0,0,0,
2401000000.0,2700000000.0,1,1062,0,0.094150374659,0,0,0,0,0.296646040544,0,0,0,0,0,0,0,0,
2401000000.0,2700000000.0,1,1063,0,0.78413631878,0,0,0,0,0.17672934034,0,0,0,0,0,0,0,0,
2401000000.0,2700000000.0,1,1064,0,0.554362804398,0,0,0,0,0.503394639484,0,0,0,0,0,0,0,0,
2401000000.0,2700000000.0,1,1065,0,0.754980274841,0,0,0,0,0.171966981707,0,0,0,0,0,0,0,0,
2401000000.0,2700000000.0,1,1066,0,0.984921571826,0,0,0,0,0.0547161720446,0,0,0,0,0,0,0,0,
2401000000.0,2700000000.0,1,1067,0,0.947295847978,0,0,0,0,0.852813486636,0,0,0,0,0,0,0,0,
2401000000.0,2700000000.0,1,1068,0,0.45504538796,0,0,0,0,0.786530824958,0,0,0,0,0,0,0,0,
2401000000.0,2700000000.0,1,1069,0,0.120124769795,0,0,0,0,0.293288231109,0,0,0,0,0,0,0,0,
2401000000.0,2700000000.0,1,1070,0,0.991950724148,0,0,0,0,0.287517743389,0,0,0,0,0,0,0,0,
2401000000.0,2700000000.0,1,1071,0,0.753399169785,0,0,0,0,0.442454890627,0,0,0,0,0,0,0,0,
2401000000.0,2700000000.0,1,1072,0,0.229343686656,0,0,0,0,0.666352081098,0,0,0,0,0,0,0,0,
2401000000.0,2700000000.0,1,1073,0,0.627430967937,0,0,0,0,0.384693645864,0,0,0,0,0,0,0,0,
2401000000.0,2700000000.0,1,1074,0,0.654427119116,0,0,0,0,0.858987825158,0,0,0,0,0,0,0,0,
2401000000.0,2700000000.0,1,1075,0,0.534424492986,0,0,0,0,0.344724586597,0,0,0,0,0,0,0,0,
2401000000.0,2700000000.0,1,1076,0,0.0152732002136,0,0,0,0,0.743287270083,0,0,0,0,0,0,0,0,
2401000000.0,2700000000.0,1,1077,0,0.717212399906,0,0,0,0,0.0623351328252,0,0,0,0,0,0,0,0,
2401000000.0,2700000000.0,1,1078,0,0.851060020744,0,0,0,0,0.127750347851,0,0,0,0,0,0,0,0,
2401000000.0,2700000000.0,1,1079,0,0.715535878334,0,0,0,0,0.110633310313,0,0,0,0,0,0,0,0,
2401000000.0,2700000000.0,1,1080,0,0.917059293342,0,0,0,0,0.901364029645,0,0,0,0,0,0,0,0,
2401000000.0,2700000000.0,1,1081,0,0.118332470984,0,0,0,0,0.587941744511,0,0,0,0,0,0,0,0,
2401000000.0,2700000000.0,1,1082,0,0.579161123082,0,0,0,0,0.314457326068,0,0,0,0,0,0,0,0,
2401000000.0,2700000000.0,1,1083,0,0.237417604848,0,0,0,0,0.761727092478,0,0,0,0,0,0,0,0,
2401000000.0,2700000000.0,1,1084,0,0.588494357533,0,0,0,0,0.384652246754,0,0,0,0,0,0,0,0,
2401000000.0,2700000000.0,1,1085,0,0.621745835834,0,0,0,0,0.41033381859,0,0,0,0,0,0,0,0,
2401000000.0,2700000000.0,1,1086,0,0.430888148352,0,0,0,0,0.751101191116,0,0,0,0,0,0,0,0,
2401000000.0,2700000000.0,1,1087,0,0.211933050087,0,0,0,0,0.50235673922,0,0,0,0,0,0,0,0,
2401000000.0,2700000000.0,1,1088,0,0.991853819085,0,0,0,0,0.403888294119,0,0,0,0,0,0,0,0,
2401000000.0,2700000000.0,1,1089,0,0.840719156986,0,0,0,0,0.997251499891,0,0,0,0,0,0,0,0,
2401000000.0,2700000000.0,1,1090,0,0.804660946475,0,0,0,0,0.42815737116,0,0,0,0,0,0,0,0,
2401000000.0,2700000000.0,1,1091,0,0.656065246102,0,0,0,0,0.277759680685,0,0,0,0,0,0,0,0,
2401000000.0,2700000000.0,1,1092,0,0.732706420005,0,0,0,0,0.627205410112,0,0,0,0,0,0,0,0,
2401000000.0,2700000000.0,1,1093,0,0.254938887141,0,0,0,0,0.511433030172,0,0,0,0,0,0,0,0,
2401000000.0,2700000000.0,1,1094,0,0.45386370166,0,0,0,0,0.875172106591,0,0,0,0,0,0,0,0,
2401000000.0,2700000000.0,1,1095,0,0.748912722634,0,0,0,0,0.642035938507,0,0,0,0,0,0,0,0,
2401000000.0,2700000000.0,1,1096,0,0.773637583661,0,0,0,0,0.521038905515,0,0,0,0,0,0,0,0,
2401000000.0,2700000000.0,1,1097,0,0.0535487154137,0,0,0,0,0.90181319457,0,0,0,0,0,0,0,0,
2401000000.0,2700000000.0,1,1098,0,0.663096117015,0,0,0,0,0.739572485962,0,0,0,0,0,0,0,0,
2401000000.0,2700000000.0,1,1099,0,0.150414463596,0,0,0,0,0.244019820688,0,0,0,0,0,0,0,0,
2701000000.0,3000000000.0,1,1000,0,0.702080772555,0,0,0,0,0.372766864465,0,0,0,0,0,0,0,0,
2701000000.0,3000000000.0,1,1001,0,0.854101903916,0,0,0,0,0.611389032231,0,0,0,0,0,0,0,0,
2701000000.0,3000000000.0,1,1002,0,0.0591755623164,0,0,0,0,0.896675064232,0,0,0,0,0,0,0,0,
2701000000.0,3000000000.0,1,1003,0,0.271277871509,0,0,0,0,0.17674591392,0,0,0,0,0,0,0,0,
2701000000.0,3000000000.0,1,1004,0,0.0318259331271,0,0,0,0,0.250732397892,0,0,0,0,0,0,0,0,
2701000000.0,3000000000.0,1,1005,0,0.548622912282,0,0,0,0,0.566371464157,0,0,0,0,0,0,0,0,
2701000000.0,3000000000.0,1,1006,0,0.877444685845,0,0,0,0,0.543857714896,0,0,0,0,0,0,0,0,
2701000000.0,3000000000.0,1,1007,0,0.924023702153,0,0,0,0,0.384029212144,0,0,0,0,0,0,0,0,
2701000000.0,3000000000.0,1,1008,0,0.675692007641,0,0,0,0,0.359549195104,0,0,0,0,0,0,0,0,
2701000000.0,3000000000.0,1,1009,0,0.921896595367,0,0,0,0,0.966657104497,0,0,0,0,0,0,0,0,
2701000000.0,3000000000.0,1,1010,0,0.00691726637106,0,0,0,0,0.376362317246,0,0,0,0,0,0,0,0,
2701000000.0,3000000000.0,1,1011,0,0.610643538015,0,0,0,0,0.650981803437,0,0,0,0,0,0,0,0,
2701000000.0,3000000000.0,1,1012,0,0.323372820971,0,0,0,0,0.742444126502,0,0,0,0,0,0,0,0,
2701000000.0,3000000000.0,1,1013,0,0.691211366463,0,0,0,0,0.0937917330186,0,0,0,0,0,0,0,0,
2701000000.0,3000000000.0,1,1014,0,0.730384472966,0,0,0,0,0.26238069392,0,0,0,0,0,0,0,0,
2701000000.0,3000000000.0,1,1015,0,0.245266114935,0,0,0,0,0.608990191565,0,0,0,0,0,0,0,0,
2701000000.0,3000000000.0,1,1016,0,0.819901850097,0,0,0,0,0.927860436671,0,0,0,0,0,0,0,0,
2701000000.0,3000000000.0,1,1017,0,0.230277378382,0,0,0,0,0.456511576275,0,0,0,0,0,0,0,0,
2701000000.0,3000000000.0,1,1018,0,0.580889819929,0,0,0,0,0.490523771047,0,0,0,0,0,0,0,0,
2701000000.0,3000000000.0,1,1019,0,0.408001040782,0,0,0,0,0.07519640554,0,0,0,0,0,0,0,0,
2701000000.0,3000000000.0,1,1020,0,0.63302242806,0,0,0,0,0.806944121535,0,0,0,0,0,0,0,0,
2701000000.0,3000000000.0,1,1021,0,0.524423415309,0,0,0,0,0.545335366224,0,0,0,0,0,0,0,0,
2701000000.0,3000000000.0,1,1022,0,0.231473258682,0,0,0,0,0.484588888384,0,0,0,0,0,0,0,0,
2701000000.0,3000000000.0,1,1023,0,0.0860755956507,0,0,0,0,0.511780700079,0,0,0,0,0,0,0,0,
2701000000.0,3000000000.0,1,1024,0,0.843994866431,0,0,0,0,0.624719004285,0,0,0,0,0,0,0,0,
2701000000.0,3000000000.0,1,1025,0,0.786664244653,0,0,0,0,0.493156294819,0,0,0,0,0,0,0,0,
2701000000.0,3000000000.0,1,1026,0,0.915167115273,0,0,0,0,0.601833736445,0,0,0,0,0,0,0,0,
2701000000.0,3000000000.0,1,1027,0,0.511918836129,0,0,0,0,0.69076833948,0,0,0,0,0,0,0,0,
2701000000.0,3000000000.0,1,1028,0,0.443155914287,0,0,0,0,0.458945874334,0,0,0,0,0,0,0,0,
2701000000.0,3000000000.0,1,1029,0,0.647623337057,0,0,0,0,0.586735436616,0,0,0,0,0,0,0,0,
2701000000.0,3000000000.0,1,1030,0,0.563277566448,0,0,0,0,0.891507324156,0,0,0,0,0,0,0,0,
2701000000.0,3000000000.0,1,1031,0,0.891677394958,0,0,0,0,0.847939082611,0,0,0,0,0,0,0,0,
2701000000.0,3000000000.0,1,1032,0,0.605786022284,0,0,0,0,0.659594224365,0,0,0,0,0,0,0,0,
2701000000.0,3000000000.0,1,1033,0,0.217533554656,0,0,0,0,0.62706567641,0,0,0,0,0,0,0,0,
2701000000.0,3000000000.0,1,1034,0,0.23591688626,0,0,0,0,0.199944454055,0,0,0,0,0,0,0,0,
2701000000.0,3000000000.0,1,1035,0,0.117643402526,0,0,0,0,0.370246686871,0,0,0,0,0,0,0,0,
2701000000.0,3000000000.0,1,1036,0,0.742797952372,0,0,0,0,0.43058400895,0,0,0,0,0,0,0,0,
2701000000.0,3000000000.0,1,1037,0,0.555275576776,0,0,0,0,0.55047288076,0,0,0,0,0,0,0,0,
2701000000.0,3000000000.0,1,1038,0,0.424980849492,0,0,0,0,0.924042812996,0,0,0,0,0,0,0,0,
2701000000.0,3000000000.0,1,1039,0,0.747136601146,0,0,0,0,0.351264980268,0,0,0,0,0,0,0,0,
2701000000.0,3000000000.0,1,1040,0,0.717733448675,0,0,0,0,0.527617763358,0,0,0,0,0,0,0,0,
2701000000.0,3000000000.0,1,1041,0,0.405789803949,0,0,0,0,0.721813940388,0,0,0,0,0,0,0,0,
2701000000.0,3000000000.0,1,1042,0,0.20975843796,0,0,0,0,0.135313659551,0,0,0,0,0,0,0,0,
2701000000.0,3000000000.0,1,1043,0,0.749837817166,0,0,0,0,0.67745645101,0,0,0,0,0,0,0,0,
2701000000.0,3000000000.0,1,1044,0,0.211037384074,0,0,0,0,0.847813375937,0,0,0,0,0,0,0,0,
2701000000.0,3000000000.0,1,1045,0,0.647334461561,0,0,0,0,0.401467466905,0,0,0,0,0,0,0,0,
2701000000.0,3000000000.0,1,1046,0,0.595307396085,0,0,0,0,0.240539521315,0,0,0,0,0,0,0,0,
2701000000.0,3000000000.0,1,1047,0,0.0716421939137,0,0,0,0,0.554181264057,0,0,0,0,0,0,0,0,
2701000000.0,3000000000.0,1,1048,0,0.212831753832,0,0,0,0,0.869396318318,0,0,0,0,0,0,0,0,
2701000000.0,3000000000.0,1,1049,0,0.75025866016,0,0,0,0,0.525541618774,0,0,0,0,0,0,0,0,
2701000000.0,3000000000.0,1,1050,0,0.208183074264,0,0,0,0,0.151467967205,0,0,0,0,0,0,0,0,
2701000000.0,3000000000.0,1,1051,0,0.256943833091,0,0,0,0,0.0543339795337,0,0,0,0,0,0,0,0,
2701000000.0,3000000000.0,1,1052,0,0.860145373051,0,0,0,0,0.250372256944,0,0,0,0,0,0,0,0,
2701000000.0,3000000000.0,1,1053,0,0.549878187947,0,0,0,0,0.221619560775,0,0,0,0,0,0,0,0,
2701000000.0,3000000000.0,1,1054,0,0.871947538329,0,0,0,0,0.385990319683,0,0,0,0,0,0,0,0,
2701000000.0,3000000000.0,1,1055,0,0.604705956768,0,0,0,0,0.402026211262,0,0,0,0,0,0,0,0,
2701000000.0,3000000000.0,1,1056,0,0.792583985663,0,0,0,0,0.666151228276,0,0,0,0,0,0,0,0,
2701000000.0,3000000000.0,1,1057,0,0.451532872897,0,0,0,0,0.488149596515,0,0,0,0,0,0,0,0,
2701000000.0,3000000000.0,1,1058,0,0.312193401957,0,0,0,0,0.0708960239124,0,0,0,0,0,0,0,0,
2701000000.0,3000000000.0,1,1059,0,0.965869966925,0,0,0,0,0.133455312294,0,0,0,0,0,0,0,0,
2701000000.0,3000000000.0,1,1060,0,0.45075339727,0,0,0,0,0.805602519796,0,0,0,0,0,0,0,0,
2701000000.0,3000000000.0,1,1061,0,0.574127766191,0,0,0,0,0.937152027301,0,0,0,0,0,0,0,0,
2701000000.0,3000000000.0,1,1062,0,0.166039204767,0,0,0,0,0.587195497398,0,0,0,0,0,0,0,0,
2701000000.0,3000000000.0,1,1063,0,0.561225807144,0,0,0,0,0.0344307745677,0,0,0,0,0,0,0,0,
2701000000.0,3000000000.0,1,1064,0,0.274171692581,0,0,0,0,0.552864811905,0,0,0,0,0,0,0,0,
2701000000.0,3000000000.0,1,1065,0,0.0942672063646,0,0,0,0,0.942201219951,0,0,0,0,0,0,0,0,
2701000000.0,3000000000.0,1,1066,0,0.299602604825,0,0,0,0,0.33283176411,0,0,0,0,0,0,0,0,
2701000000.0,3000000000.0,1,1067,0,0.445932971115,0,0,0,0,0.243110565855,0,0,0,0,0,0,0,0,
2701000000.0,3000000000.0,1,1068,0,0.327641740171,0,0,0,0,0.666493888167,0,0,0,0,0,0,0,0,
2701000000.0,3000000000.0,1,1069,0,0.710343701792,0,0,0,0,0.382725977608,0,0,0,0,0,0,0,0,
2701000000.0,3000000000.0,1,1070,0,0.161752938826,0,0,0,0,0.336078134038,0,0,0,0,0,0,0,0,
2701000000.0,3000000000.0,1,1071,0,0.0240400215806,0,0,0,0,0.588869568493,0,0,0,0,0,0,0,0,
2701000000.0,3000000000.0,1,1072,0,0.0682108214506,0,0,0,0,0.124231755331,0,0,0,0,0,0,0,0,
2701000000.0,3000000000.0,1,1073,0,0.218119639935,0,0,0,0,0.318994019661,0,0,0,0,0,0,0,0,
2701000000.0,3000000000.0,1,1074,0,0.667024330653,0,0,0,0,0.999189254531,0,0,0,0,0,0,0,0,
2701000000.0,3000000000.0,1,1075,0,0.865217931107,0,0,0,0,0.652048619824,0,0,0,0,0,0,0,0,
2701000000.0,3000000000.0,1,1076,0,0.504250457084,0,0,0,0,0.562372490559,0,0,0,0,0,0,0,0,
2701000000.0,3000000000.0,1,1077,0,0.10036602539,0,0,0,0,0.582185448154,0,0,0,0,0,0,0,0,
2701000000.0,3000000000.0,1,1078,0,0.573533498676,0,0,0,0,0.835998571473,0,0,0,0,0,0,0,0,
2701000000.0,3000000000.0,1,1079,0,0.804118843505,0,0,0,0,0.805850917773,0,0,0,0,0,0,0,0,
2701000000.0,3000000000.0,1,1080,0,0.0270288436307,0,0,0,0,0.673099881682,0,0,0,0,0,0,0,0,
2701000000.0,3000000000.0,1,1081,0,0.48541142853,0,0,0,0,0.151442861889,0,0,0,0,0,0,0,0,
2701000000.0,3000000000.0,1,1082,0,0.332375711014,0,0,0,0,0.73096496177,0,0,0,0,0,0,0,0,
2701000000.0,3000000000.0,1,1083,0,0.961244848832,0,0,0,0,0.430883403267,0,0,0,0,0,0,0,0,
2701000000.0,3000000000.0,1,1084,0,0.520231878195,0,0,0,0,0.450240406778,0,0,0,0,0,0,0,0,
2701000000.0,3000000000.0,1,1085,0,0.776198296438,0,0,0,0,0.241494241623,0,0,0,0,0,0,0,0,
2701000000.0,3000000000.0,1,1086,0,0.925109446178,0,0,0,0,0.88850116049,0,0,0,0,0,0,0,0,
2701000000.0,3000000000.0,1,1087,0,0.92250382081,0,0,0,0,0.405743815869,0,0,0,0,0,0,0,0,
2701000000.0,3000000000.0,1,1088,0,0.753783439079,0,0,0,0,0.710560908864,0,0,0,0,0,0,0,0,
2701000000.0,3000000000.0,1,1089,0,0.0295851403378,0,0,0,0,0.932938105825,0,0,0,0,0,0,0,0,
2701000000.0,3000000000.0,1,1090,0,0.594682057275,0,0,0,0,0.986781292564,0,0,0,0,0,0,0,0,
2701000000.0,3000000000.0,1,1091,0,0.463300522515,0,0,0,0,0.542527181246,0,0,0,0,0,0,0,0,
2701000000.0,3000000000.0,1,1092,0,0.332993586982,0,0,0,0,0.755034448212,0,0,0,0,0,0,0,0,
2701000000.0,3000000000.0,1,1093,0,0.293163253237,0,0,0,0,0.650641832524,0,0,0,0,0,0,0,0,
2701000000.0,3000000000.0,1,1094,0,0.0709686297197,0,0,0,0,0.0382538558732,0,0,0,0,0,0,0,0,
2701000000.0,3000000000.0,1,1095,0,0.693192305886,0,0,0,0,0.179925416138,0,0,0,0,0,0,0,0,
2701000000.0,3000000000.0,1,1096,0,0.695884688109,0,0,0,0,0.590359466359,0,0,0,0,0,0,0,0,
2701000000.0,3000000000.0,1,1097,0,0.475352694686,0,0,0,0,0.267446490491,0,0,0,0,0,0,0,0,
2701000000.0,3000000000.0,1,1098,0,0.845035141405,0,0,0,0,0.66871633637,0,0,0,0,0,0,0,0,
2701000000.0,3000000000.0,1,1099,0,0.911464118598,0,0,0,0,0.461562675623,0,0,0,0,0,0,0,0,
